Workbook

Sheet 相關性比對
A1: ULLD WAT：測量值 vs 不良率 與 Yield 之相關性比對
A2: 說明：「測量值」為原報告各 Lot 參數測量值；「不良率」為 wat_overview.csv 各測項不良數 ÷ Sites ×100。Spearman 欄位（藍字）由 Python 對 Data 工作表計算後填入（Excel 無內建 Spearman 函數）；Pearson 欄位為 CORREL 公式，會隨 Data 更新。
A4: 測項 | B4: 測量值 vs WAT Yield (Spearman) | C4: 測量值 vs CP Yield (Spearman) | D4: 測量值 vs Yield gap (Spearman) | E4: 不良率 vs WAT Yield (Spearman) | F4: 不良率 vs CP Yield (Spearman) | G4: 不良率 vs Yield gap (Spearman) | H4: 不良率 vs 測量值 (Spearman) | I4: 測量值 vs WAT Yield (Pearson 公式) | J4: 不良率 vs WAT Yield (Pearson 公式) | K4: 方向是否一致 (測量值與不良率 vs WAT)
A5: VSD | B5: 0.312 | C5: 0.275 | D5: 0.083 | E5: -0.002 | F5: -0.017 | G5: 0.005 | H5: 0.008 | I5: =CORREL(Data!$K$2:$K$3056,Data!$F$2:$F$3056) -> 0.39614238 | J5: =CORREL(Data!$AQ$2:$AQ$3056,Data!$F$2:$F$3056) -> -0.0046948678 | K5: =IF(ABS(B5)<0.1,IF(ABS(E5)<0.1,"皆無相關","測量值無相關"),IF(ABS(E5)<0.1,"不良率無相關(不一致)",IF(B5*E5>0,"一致","相反"))) -> 不良率無相關(不一致)
A6: VSD(1mA) | B6: 0.037 | C6: 0.047 | D6: -0.024 | E6: -0.417 | F6: -0.331 | G6: -0.166 | H6: -0.082 | I6: =CORREL(Data!$L$2:$L$3056,Data!$F$2:$F$3056) -> 0.026424463 | J6: =CORREL(Data!$AR$2:$AR$3056,Data!$F$2:$F$3056) -> -0.46903711 | K6: =IF(ABS(B6)<0.1,IF(ABS(E6)<0.1,"皆無相關","測量值無相關"),IF(ABS(E6)<0.1,"不良率無相關(不一致)",IF(B6*E6>0,"一致","相反"))) -> 測量值無相關
A7: IGSSF | B7: -0.04 | C7: 0.004 | D7: -0.039 | E7: -0.739 | F7: -0.575 | G7: -0.248 | H7: 0.012 | I7: =CORREL(Data!$M$2:$M$3056,Data!$F$2:$F$3056) -> -0.021065335 | J7: =CORREL(Data!$AS$2:$AS$3056,Data!$F$2:$F$3056) -> -0.86993524 | K7: =IF(ABS(B7)<0.1,IF(ABS(E7)<0.1,"皆無相關","測量值無相關"),IF(ABS(E7)<0.1,"不良率無相關(不一致)",IF(B7*E7>0,"一致","相反"))) -> 測量值無相關
A8: IGSSR | B8: 0.077 | C8: 0.1 | D8: -0.027 | E8: -0.74 | F8: -0.574 | G8: -0.249 | H8: -0.043 | I8: =CORREL(Data!$N$2:$N$3056,Data!$F$2:$F$3056) -> 0.041856921 | J8: =CORREL(Data!$AT$2:$AT$3056,Data!$F$2:$F$3056) -> -0.869999 | K8: =IF(ABS(B8)<0.1,IF(ABS(E8)<0.1,"皆無相關","測量值無相關"),IF(ABS(E8)<0.1,"不良率無相關(不一致)",IF(B8*E8>0,"一致","相反"))) -> 測量值無相關
A9: IGSSF_26 | B9: -0.033 | C9: 0.019 | D9: -0.05 | E9: -0.74 | F9: -0.573 | G9: -0.253 | H9: 0.012 | I9: =CORREL(Data!$O$2:$O$3056,Data!$F$2:$F$3056) -> -0.015778565 | J9: =CORREL(Data!$AU$2:$AU$3056,Data!$F$2:$F$3056) -> -0.87303551 | K9: =IF(ABS(B9)<0.1,IF(ABS(E9)<0.1,"皆無相關","測量值無相關"),IF(ABS(E9)<0.1,"不良率無相關(不一致)",IF(B9*E9>0,"一致","相反"))) -> 測量值無相關
A10: IGSSR_26 | B10: 0.064 | C10: 0.082 | D10: -0.016 | E10: -0.743 | F10: -0.574 | G10: -0.256 | H10: -0.046 | I10: =CORREL(Data!$P$2:$P$3056,Data!$F$2:$F$3056) -> 0.02283358 | J10: =CORREL(Data!$AV$2:$AV$3056,Data!$F$2:$F$3056) -> -0.87437673 | K10: =IF(ABS(B10)<0.1,IF(ABS(E10)<0.1,"皆無相關","測量值無相關"),IF(ABS(E10)<0.1,"不良率無相關(不一致)",IF(B10*E10>0,"一致","相反"))) -> 測量值無相關
A11: VT(50uA) | B11: 0.058 | C11: 0.033 | D11: 0.029 | E11: -0.864 | F11: -0.681 | G11: -0.301 | H11: -0.042 | I11: =CORREL(Data!$Q$2:$Q$3056,Data!$F$2:$F$3056) -> 0.046574603 | J11: =CORREL(Data!$AW$2:$AW$3056,Data!$F$2:$F$3056) -> -0.91898396 | K11: =IF(ABS(B11)<0.1,IF(ABS(E11)<0.1,"皆無相關","測量值無相關"),IF(ABS(E11)<0.1,"不良率無相關(不一致)",IF(B11*E11>0,"一致","相反"))) -> 測量值無相關
A12: VT(250uA) | B12: 0.067 | C12: 0.04 | D12: 0.03 | E12: -0.751 | F12: -0.611 | G12: -0.252 | H12: -0.027 | I12: =CORREL(Data!$R$2:$R$3056,Data!$F$2:$F$3056) -> 0.056333814 | J12: =CORREL(Data!$AX$2:$AX$3056,Data!$F$2:$F$3056) -> -0.80482273 | K12: =IF(ABS(B12)<0.1,IF(ABS(E12)<0.1,"皆無相關","測量值無相關"),IF(ABS(E12)<0.1,"不良率無相關(不一致)",IF(B12*E12>0,"一致","相反"))) -> 測量值無相關
A13: IDSS | B13: -0.027 | C13: 0.027 | D13: -0.04 | E13: -0.832 | F13: -0.637 | G13: -0.34 | H13: 0.048 | I13: =CORREL(Data!$S$2:$S$3056,Data!$F$2:$F$3056) -> -0.032907524 | J13: =CORREL(Data!$AY$2:$AY$3056,Data!$F$2:$F$3056) -> -0.87829998 | K13: =IF(ABS(B13)<0.1,IF(ABS(E13)<0.1,"皆無相關","測量值無相關"),IF(ABS(E13)<0.1,"不良率無相關(不一致)",IF(B13*E13>0,"一致","相反"))) -> 測量值無相關
A14: BVDS_100uA | B14: 0.034 | C14: -0.009 | D14: 0.026 | E14: -0.76 | F14: -0.583 | G14: -0.301 | H14: -0.213 | I14: =CORREL(Data!$T$2:$T$3056,Data!$F$2:$F$3056) -> 0.033790078 | J14: =CORREL(Data!$AZ$2:$AZ$3056,Data!$F$2:$F$3056) -> -0.83639683 | K14: =IF(ABS(B14)<0.1,IF(ABS(E14)<0.1,"皆無相關","測量值無相關"),IF(ABS(E14)<0.1,"不良率無相關(不一致)",IF(B14*E14>0,"一致","相反"))) -> 測量值無相關
A15: BVDS | B15: 0.017 | C15: -0.021 | D15: 0.02 | E15: -0.674 | F15: -0.525 | G15: -0.265 | H15: -0.129 | I15: =CORREL(Data!$U$2:$U$3056,Data!$F$2:$F$3056) -> 0.010010135 | J15: =CORREL(Data!$BA$2:$BA$3056,Data!$F$2:$F$3056) -> -0.7427433 | K15: =IF(ABS(B15)<0.1,IF(ABS(E15)<0.1,"皆無相關","測量值無相關"),IF(ABS(E15)<0.1,"不良率無相關(不一致)",IF(B15*E15>0,"一致","相反"))) -> 測量值無相關
A16: BVDS_10mA | B16: 0.014 | C16: -0.023 | D16: 0.018 | E16: -0.422 | F16: -0.325 | G16: -0.183 | H16: -0.003 | I16: =CORREL(Data!$V$2:$V$3056,Data!$F$2:$F$3056) -> 0.0015788328 | J16: =CORREL(Data!$BB$2:$BB$3056,Data!$F$2:$F$3056) -> -0.40282897 | K16: =IF(ABS(B16)<0.1,IF(ABS(E16)<0.1,"皆無相關","測量值無相關"),IF(ABS(E16)<0.1,"不良率無相關(不一致)",IF(B16*E16>0,"一致","相反"))) -> 測量值無相關
A17: IGSSF_1 | B17: -0.071 | C17: -0.091 | D17: 0.04 | E17: -0.741 | F17: -0.575 | G17: -0.252 | H17: 0.026 | I17: =CORREL(Data!$W$2:$W$3056,Data!$F$2:$F$3056) -> -0.0089675403 | J17: =CORREL(Data!$BC$2:$BC$3056,Data!$F$2:$F$3056) -> -0.87356405 | K17: =IF(ABS(B17)<0.1,IF(ABS(E17)<0.1,"皆無相關","測量值無相關"),IF(ABS(E17)<0.1,"不良率無相關(不一致)",IF(B17*E17>0,"一致","相反"))) -> 測量值無相關
A18: IGSSR_1 | B18: 0.061 | C18: 0.094 | D18: -0.007 | E18: -0.741 | F18: -0.574 | G18: -0.251 | H18: -0.023 | I18: =CORREL(Data!$X$2:$X$3056,Data!$F$2:$F$3056) -> 0.033899075 | J18: =CORREL(Data!$BD$2:$BD$3056,Data!$F$2:$F$3056) -> -0.87381857 | K18: =IF(ABS(B18)<0.1,IF(ABS(E18)<0.1,"皆無相關","測量值無相關"),IF(ABS(E18)<0.1,"不良率無相關(不一致)",IF(B18*E18>0,"一致","相反"))) -> 測量值無相關
A19: DBV | B19: -0.412 | C19: -0.334 | D19: -0.132 | E19: -0.766 | F19: -0.586 | G19: -0.306 | H19: 0.197 | I19: =CORREL(Data!$Y$2:$Y$3056,Data!$F$2:$F$3056) -> -0.52950628 | J19: =CORREL(Data!$BE$2:$BE$3056,Data!$F$2:$F$3056) -> -0.8374429 | K19: =IF(ABS(B19)<0.1,IF(ABS(E19)<0.1,"皆無相關","測量值無相關"),IF(ABS(E19)<0.1,"不良率無相關(不一致)",IF(B19*E19>0,"一致","相反"))) -> 一致
A20: DBV_1mA | B20: -0.044 | C20: -0.095 | D20: 0.059 | E20: -0.737 | F20: -0.557 | G20: -0.322 | H20: 0.055 | I20: =CORREL(Data!$Z$2:$Z$3056,Data!$F$2:$F$3056) -> -0.048702329 | J20: =CORREL(Data!$BF$2:$BF$3056,Data!$F$2:$F$3056) -> -0.81741561 | K20: =IF(ABS(B20)<0.1,IF(ABS(E20)<0.1,"皆無相關","測量值無相關"),IF(ABS(E20)<0.1,"不良率無相關(不一致)",IF(B20*E20>0,"一致","相反"))) -> 測量值無相關
A21: 平均 |ρ| | B21: =SUMPRODUCT(ABS(B5:B20))/COUNT(B5:B20) -> 0.0855 | C21: =SUMPRODUCT(ABS(C5:C20))/COUNT(C5:C20) -> 0.080875 | D21: =SUMPRODUCT(ABS(D5:D20))/COUNT(D5:D20) -> 0.04 | E21: =SUMPRODUCT(ABS(E5:E20))/COUNT(E5:E20) -> 0.6668125 | F21: =SUMPRODUCT(ABS(F5:F20))/COUNT(F5:F20) -> 0.518625 | G21: =SUMPRODUCT(ABS(G5:G20))/COUNT(G5:G20) -> 0.246875 | H21: =SUMPRODUCT(ABS(H5:H20))/COUNT(H5:H20) -> 0.060375
A23: 重點結論
A24: 1. 兩者量的是不同東西：不良率與 Yield 幾乎全為強負相關（預期，不良數決定 Yield）；測量值僅 DBV(-0.41)、VSD(+0.31) 有明顯相關，其餘接近 0。
A25: 2. DBV 兩者方向一致（測量值 -0.41、不良率 -0.77），且 DBV 測量值與其不良率呈正相關（+0.20）。
A26: 3. VSD 不一致：測量值 vs Yield 為 +0.31，但 VSD 不良率 vs Yield 約 0，代表 VSD 並非靠不良顆數影響 Yield，+0.31 較像 Lot／批次差異，不宜解讀為 VSD 不良造成損失。
A27: 4. 其他測項的測量值與自身不良率幾乎無關（|ρ| 多 <0.05），故測量值平均相關看不出其損失貢獻。
A28: 5. 各 IGSS 測項不良率彼此高度相關（約 -0.74），顯示其不良顆數大多為同一批顆粒。
A29: 6. 相關不等於因果；比對基於兩份資料皆有的 3,055 個 Lot。

Sheet Lot Type
A1: Lot Type（PRODUCT ID 後三碼）與 Yield
A3: Lot Type | B3: Lot 數 | C3: 平均 WAT Yield(%) | D3: 平均 CP Yield(%) | E3: 平均 Yield gap
A4: 02U | B4: =COUNTIF(Data!$C$2:$C$3056,A4) -> 194 | C4: =AVERAGEIFS(Data!$F$2:$F$3056,Data!$C$2:$C$3056,A4) -> 93.403093 | D4: =AVERAGEIFS(Data!$I$2:$I$3056,Data!$C$2:$C$3056,A4) -> 92.044551 | E4: =AVERAGEIFS(Data!$J$2:$J$3056,Data!$C$2:$C$3056,A4) -> 1.4161236
A5: 03U | B5: =COUNTIF(Data!$C$2:$C$3056,A5) -> 1898 | C5: =AVERAGEIFS(Data!$F$2:$F$3056,Data!$C$2:$C$3056,A5) -> 93.533772 | D5: =AVERAGEIFS(Data!$I$2:$I$3056,Data!$C$2:$C$3056,A5) -> 92.226971 | E5: =AVERAGEIFS(Data!$J$2:$J$3056,Data!$C$2:$C$3056,A5) -> 1.4171761
A6: 04U | B6: =COUNTIF(Data!$C$2:$C$3056,A6) -> 348 | C6: =AVERAGEIFS(Data!$F$2:$F$3056,Data!$C$2:$C$3056,A6) -> 93.481609 | D6: =AVERAGEIFS(Data!$I$2:$I$3056,Data!$C$2:$C$3056,A6) -> 92.139069 | E6: =AVERAGEIFS(Data!$J$2:$J$3056,Data!$C$2:$C$3056,A6) -> 1.337027
A7: 06U | B7: =COUNTIF(Data!$C$2:$C$3056,A7) -> 73 | C7: =AVERAGEIFS(Data!$F$2:$F$3056,Data!$C$2:$C$3056,A7) -> 93.654795 | D7: =AVERAGEIFS(Data!$I$2:$I$3056,Data!$C$2:$C$3056,A7) -> 92.819825 | E7: =AVERAGEIFS(Data!$J$2:$J$3056,Data!$C$2:$C$3056,A7) -> 1.054386
A8: 07U | B8: =COUNTIF(Data!$C$2:$C$3056,A8) -> 484 | C8: =AVERAGEIFS(Data!$F$2:$F$3056,Data!$C$2:$C$3056,A8) -> 93.483058 | D8: =AVERAGEIFS(Data!$I$2:$I$3056,Data!$C$2:$C$3056,A8) -> 92.710997 | E8: =AVERAGEIFS(Data!$J$2:$J$3056,Data!$C$2:$C$3056,A8) -> 1.2261942
A9: 08U | B9: =COUNTIF(Data!$C$2:$C$3056,A9) -> 55 | C9: =AVERAGEIFS(Data!$F$2:$F$3056,Data!$C$2:$C$3056,A9) -> 94.476364 | D9: =AVERAGEIFS(Data!$I$2:$I$3056,Data!$C$2:$C$3056,A9) -> 93.577273 | E9: =AVERAGEIFS(Data!$J$2:$J$3056,Data!$C$2:$C$3056,A9) -> 0.99545455
A12: η²（Lot Type 對 WAT Yield） | D12: 0.0015
A13: η²（Lot Type 對 CP Yield） | D13: 0.0141
A14: 註：η² 由 Python 計算（相關比，Lot Type 解釋之變異比例），藍字為硬編碼；兩者皆很小，Lot Type 對 Yield 影響有限。與原報告 Part No 結論一致。

Sheet 資料品質
A1: 資料品質檢查
A3: 項目 | B3: 數值 | C3: 備註
A4: CSV Lot 數（wat_overview.csv） | B4: 3152 | C4: 來源：附件 wat_overview.csv
A5: 原報告 Lot 數 | B5: 3058 | C5: 來源：ULLD_WAT_CP_Summary
A6: 兩份資料皆有的 Lot 數（本表分析對象） | B6: =COUNTA(Data!A2:A3056) -> 3055 | C6: Data 工作表列數
A7: Yield 差 > 0.5 個百分點的 Lot 數 | B7: =COUNTIF(Data!H2:H3056,">0.5") -> 115 | C7: CSV Yield 與原報告 WAT Yield
A8: Yield 差 > 1 個百分點的 Lot 數 | B8: =COUNTIF(Data!H2:H3056,">1") -> 21
A9: Yield 差最大值（百分點） | B9: =MAX(Data!H2:H3056) -> 13 | C9: 多半因片數不同（如片數 12）
A10: Lot Type 與 Part No 可比對 Lot 數 | B10: =COUNTA(Data!D2:D3056) -> 3051 | C10: Part No 缺值者不計
A11: 其中 Lot Type 與 Part No 不一致數 | B11: =SUMPRODUCT((Data!D2:D3056<>"")*(Data!C2:C3056<>Data!D2:D3056)) -> 0 | C11: 0 表示完全一致
A12: CSV 中 Lot Type 為 001/002 的 Lot 數 | B12: 8 | C12: 來源：wat_overview.csv（001:5、002:3）；非一般 Lot Type，這些 Lot 不在 3,055 個比對 Lot 內，未納入 Lot Type 分析

Sheet Data
A1: Lot | B1: PRODUCT ID | C1: Lot Type(PRODUCT ID後三碼) | D1: Part No(原報告) | E1: Sites | F1: WAT Yield(CSV,%) | G1: WAT Yield(原報告,%) | H1: Yield差(絕對值) | I1: CP Yield(%) | J1: Yield gap | K1: VSD 測量值 | L1: VSD(1mA) 測量值 | M1: IGSSF 測量值 | N1: IGSSR 測量值 | O1: IGSSF_26 測量值 | P1: IGSSR_26 測量值 | Q1: VT(50uA) 測量值 | R1: VT(250uA) 測量值 | S1: IDSS 測量值 | T1: BVDS_100uA 測量值 | U1: BVDS 測量值 | V1: BVDS_10mA 測量值 | W1: IGSSF_1 測量值 | X1: IGSSR_1 測量值 | Y1: DBV 測量值 | Z1: DBV_1mA 測量值 | AA1: VSD 不良數 | AB1: VSD(1mA) 不良數 | AC1: IGSSF 不良數 | AD1: IGSSR 不良數 | AE1: IGSSF_26 不良數 | AF1: IGSSR_26 不良數 | AG1: VT(50uA) 不良數 | AH1: VT(250uA) 不良數 | AI1: IDSS 不良數 | AJ1: BVDS_100uA 不良數 | AK1: BVDS 不良數 | AL1: BVDS_10mA 不良數 | AM1: IGSSF_1 不良數 | AN1: IGSSR_1 不良數 | AO1: DBV 不良數 | AP1: DBV_1mA 不良數 | AQ1: VSD 不良率(%) | AR1: VSD(1mA) 不良率(%) | AS1: IGSSF 不良率(%) | AT1: IGSSR 不良率(%) | AU1: IGSSF_26 不良率(%) | AV1: IGSSR_26 不良率(%) | AW1: VT(50uA) 不良率(%) | AX1: VT(250uA) 不良率(%) | AY1: IDSS 不良率(%) | AZ1: BVDS_100uA 不良率(%) | BA1: BVDS 不良率(%) | BB1: BVDS_10mA 不良率(%) | BC1: IGSSF_1 不良率(%) | BD1: IGSSR_1 不良率(%) | BE1: DBV 不良率(%) | BF1: DBV_1mA 不良率(%)
A2: RP67156 | B2: P40AR002N20007U | C2: 07U | D2: 07U | E2: 500 | F2: 93.4 | G2: 93.4 | H2: =ABS(F2-G2) -> 0 | I2: 90.43 | J2: 2.97 | K2: 0.430816 | L2: 0.47526923 | M2: 0.27789496 | N2: -0.40968277 | O2: 0.51486611 | P2: -0.72099163 | Q2: 2.2168632 | R2: 2.3783784 | S2: 4.7974685 | T2: 21.203132 | U2: 21.234029 | V2: 21.265644 | W2: 0.37217992 | X2: -0.37409205 | Y2: 0.059046025 | Z2: 0.029367769 | AA2: 0 | AB2: 6 | AC2: 24 | AD2: 24 | AE2: 22 | AF2: 22 | AG2: 25 | AH2: 17 | AI2: 24 | AJ2: 21 | AK2: 16 | AL2: 5 | AM2: 22 | AN2: 22 | AO2: 22 | AP2: 16 | AQ2: =IF(AA2="","",AA2/$E2*100) -> 0 | AR2: =IF(AB2="","",AB2/$E2*100) -> 1.2 | AS2: =IF(AC2="","",AC2/$E2*100) -> 4.8 | AT2: =IF(AD2="","",AD2/$E2*100) -> 4.8 | AU2: =IF(AE2="","",AE2/$E2*100) -> 4.4 | AV2: =IF(AF2="","",AF2/$E2*100) -> 4.4 | AW2: =IF(AG2="","",AG2/$E2*100) -> 5 | AX2: =IF(AH2="","",AH2/$E2*100) -> 3.4 | ... BF2: =IF(AP2="","",AP2/$E2*100) -> 3.2
A3: RP67440 | B3: P40AR002N20003U | C3: 03U | D3: 03U | E3: 480 | F3: 86.9 | G3: 87.08 | H3: =ABS(F3-G3) -> 0.18 | I3: 87.21 | J3: -0.13 | K3: 0.43475792 | L3: 0.47860549 | M3: 0.28777342 | N3: -0.40904575 | O3: 0.52061656 | P3: -0.66479739 | Q3: 2.3839238 | R3: 2.5487473 | S3: 4.1653917 | T3: 21.538479 | U3: 21.591429 | V3: 21.625636 | W3: 0.35841176 | X3: -0.3691634 | Y3: 0.073307692 | Z3: 0.031268293 | AA3: 0 | AB3: 6 | AC3: 21 | AD3: 21 | AE3: 21 | AF3: 21 | AG3: 34 | AH3: 23 | AI3: 46 | AJ3: 33 | AK3: 22 | AL3: 3 | AM3: 21 | AN3: 21 | AO3: 38 | AP3: 29 | AQ3: =IF(AA3="","",AA3/$E3*100) -> 0 | AR3: =IF(AB3="","",AB3/$E3*100) -> 1.25 | AS3: =IF(AC3="","",AC3/$E3*100) -> 4.375 | AT3: =IF(AD3="","",AD3/$E3*100) -> 4.375 | AU3: =IF(AE3="","",AE3/$E3*100) -> 4.375 | AV3: =IF(AF3="","",AF3/$E3*100) -> 4.375 | AW3: =IF(AG3="","",AG3/$E3*100) -> 7.0833333 | AX3: =IF(AH3="","",AH3/$E3*100) -> 4.7916667 | ... BF3: =IF(AP3="","",AP3/$E3*100) -> 6.0416667
A4: RP67443 | B4: P40AR002N20003U | C4: 03U | D4: 03U | E4: 500 | F4: 92.8 | G4: 93 | H4: =ABS(F4-G4) -> 0.2 | I4: 89.95 | J4: 3.05 | K4: 0.4340484 | L4: 0.47620363 | M4: 0.29133333 | N4: -0.42384072 | O4: 0.55137342 | P4: -0.74664346 | Q4: 2.3352331 | R4: 2.4975876 | S4: 4.7154772 | T4: 21.53313 | U4: 21.582485 | V4: 21.610998 | W4: 0.36882489 | X4: -0.38422321 | Y4: 0.07685947 | Z4: 0.02545935 | AA4: 0 | AB4: 4 | AC4: 26 | AD4: 26 | AE4: 26 | AF4: 26 | AG4: 28 | AH4: 13 | AI4: 18 | AJ4: 8 | AK4: 5 | AL4: 2 | AM4: 26 | AN4: 26 | AO4: 9 | AP4: 8 | AQ4: =IF(AA4="","",AA4/$E4*100) -> 0 | AR4: =IF(AB4="","",AB4/$E4*100) -> 0.8 | AS4: =IF(AC4="","",AC4/$E4*100) -> 5.2 | AT4: =IF(AD4="","",AD4/$E4*100) -> 5.2 | AU4: =IF(AE4="","",AE4/$E4*100) -> 5.2 | AV4: =IF(AF4="","",AF4/$E4*100) -> 5.2 | AW4: =IF(AG4="","",AG4/$E4*100) -> 5.6 | AX4: =IF(AH4="","",AH4/$E4*100) -> 2.6 | ... BF4: =IF(AP4="","",AP4/$E4*100) -> 1.6
A5: RP67458 | B5: P40AR002N20003U | C5: 03U | D5: 03U | E5: 500 | F5: 95.4 | G5: 95.4 | H5: =ABS(F5-G5) -> 0 | I5: 93.83 | J5: 1.57 | K5: 0.4470448 | L5: 0.48768474 | M5: 0.33424431 | N5: -0.41186542 | O5: 0.58659959 | P5: -0.87614315 | Q5: 2.1617635 | R5: 2.317 | S5: 4.3773061 | T5: 21.315213 | U5: 21.338586 | V5: 21.38755 | W5: 0.32485062 | X5: -0.40856017 | Y5: 0.071022312 | Z5: 0.046020284 | AA5: 0 | AB5: 2 | AC5: 17 | AD5: 17 | AE5: 18 | AF5: 18 | AG5: 18 | AH5: 9 | AI5: 10 | AJ5: 7 | AK5: 5 | AL5: 2 | AM5: 18 | AN5: 18 | AO5: 7 | AP5: 7 | AQ5: =IF(AA5="","",AA5/$E5*100) -> 0 | AR5: =IF(AB5="","",AB5/$E5*100) -> 0.4 | AS5: =IF(AC5="","",AC5/$E5*100) -> 3.4 | AT5: =IF(AD5="","",AD5/$E5*100) -> 3.4 | AU5: =IF(AE5="","",AE5/$E5*100) -> 3.6 | AV5: =IF(AF5="","",AF5/$E5*100) -> 3.6 | AW5: =IF(AG5="","",AG5/$E5*100) -> 3.6 | AX5: =IF(AH5="","",AH5/$E5*100) -> 1.8 | ... BF5: =IF(AP5="","",AP5/$E5*100) -> 1.4
A6: RP67460 | B6: P40AR002N20003U | C6: 03U | D6: 03U | E6: 500 | F6: 95.8 | G6: 95.8 | H6: =ABS(F6-G6) -> 0 | I6: 94.6 | J6: 1.2 | K6: 0.4470984 | L6: 0.48929293 | M6: 0.27417647 | N6: -0.3920426 | O6: 0.54793915 | P6: -0.68464228 | Q6: 2.280883 | R6: 2.4405263 | S6: 4.4822016 | T6: 21.166191 | U6: 21.197967 | V6: 21.243347 | W6: 0.29985801 | X6: -0.3788499 | Y6: 0.083391481 | Z6: 0.04651626 | AA6: 0 | AB6: 5 | AC6: 7 | AD6: 7 | AE6: 7 | AF6: 7 | AG6: 13 | AH6: 6 | AI6: 14 | AJ6: 9 | AK6: 6 | AL6: 4 | AM6: 7 | AN6: 7 | AO6: 7 | AP6: 8 | AQ6: =IF(AA6="","",AA6/$E6*100) -> 0 | AR6: =IF(AB6="","",AB6/$E6*100) -> 1 | AS6: =IF(AC6="","",AC6/$E6*100) -> 1.4 | AT6: =IF(AD6="","",AD6/$E6*100) -> 1.4 | AU6: =IF(AE6="","",AE6/$E6*100) -> 1.4 | AV6: =IF(AF6="","",AF6/$E6*100) -> 1.4 | AW6: =IF(AG6="","",AG6/$E6*100) -> 2.6 | AX6: =IF(AH6="","",AH6/$E6*100) -> 1.2 | ... BF6: =IF(AP6="","",AP6/$E6*100) -> 1.6
A7: RP67467 | B7: P40AR002N20003U | C7: 03U | D7: 03U | E7: 500 | F7: 96.6 | G7: 96.8 | H7: =ABS(F7-G7) -> 0.2 | I7: 94.79 | J7: 2.01 | K7: 0.4344068 | L7: 0.47498994 | M7: 0.30261336 | N7: -0.47689091 | O7: 0.55526721 | P7: -0.73166194 | Q7: 2.1692213 | R7: 2.3307317 | S7: 4.5163136 | T7: 20.986179 | U7: 21.012779 | V7: 21.039718 | W7: 0.37660729 | X7: -0.39190688 | Y7: 0.052389452 | Z7: 0.024435845 | AA7: 0 | AB7: 3 | AC7: 6 | AD7: 5 | AE7: 6 | AF7: 6 | AG7: 12 | AH7: 8 | AI7: 9 | AJ7: 8 | AK7: 6 | AL7: 4 | AM7: 6 | AN7: 6 | AO7: 7 | AP7: 9 | AQ7: =IF(AA7="","",AA7/$E7*100) -> 0 | AR7: =IF(AB7="","",AB7/$E7*100) -> 0.6 | AS7: =IF(AC7="","",AC7/$E7*100) -> 1.2 | AT7: =IF(AD7="","",AD7/$E7*100) -> 1 | AU7: =IF(AE7="","",AE7/$E7*100) -> 1.2 | AV7: =IF(AF7="","",AF7/$E7*100) -> 1.2 | AW7: =IF(AG7="","",AG7/$E7*100) -> 2.4 | AX7: =IF(AH7="","",AH7/$E7*100) -> 1.6 | ... BF7: =IF(AP7="","",AP7/$E7*100) -> 1.8
A8: RP67474 | B8: P40AR002N20003U | C8: 03U | D8: 03U | E8: 500 | F8: 96 | G8: 96 | H8: =ABS(F8-G8) -> 0 | I8: 94.89 | J8: 1.11 | K8: 0.4328676 | L8: 0.47585425 | M8: 0.27574286 | N8: -0.40008367 | O8: 0.51423673 | P8: -0.68665102 | Q8: 2.2037037 | R8: 2.3675306 | S8: 3.9233126 | T8: 21.021355 | U8: 21.055285 | V8: 21.08404 | W8: 0.33728163 | X8: -0.36426082 | Y8: 0.064211382 | Z8: 0.023991837 | AA8: 0 | AB8: 6 | AC8: 10 | AD8: 10 | AE8: 10 | AF8: 10 | AG8: 14 | AH8: 10 | AI8: 17 | AJ8: 13 | AK8: 8 | AL8: 5 | AM8: 10 | AN8: 10 | AO8: 8 | AP8: 10 | AQ8: =IF(AA8="","",AA8/$E8*100) -> 0 | AR8: =IF(AB8="","",AB8/$E8*100) -> 1.2 | AS8: =IF(AC8="","",AC8/$E8*100) -> 2 | AT8: =IF(AD8="","",AD8/$E8*100) -> 2 | AU8: =IF(AE8="","",AE8/$E8*100) -> 2 | AV8: =IF(AF8="","",AF8/$E8*100) -> 2 | AW8: =IF(AG8="","",AG8/$E8*100) -> 2.8 | AX8: =IF(AH8="","",AH8/$E8*100) -> 2 | ... BF8: =IF(AP8="","",AP8/$E8*100) -> 2
A9: RP67508 | B9: P40AR002N20003U | C9: 03U | D9: 03U | E9: 500 | F9: 91.8 | G9: 91.8 | H9: =ABS(F9-G9) -> 0 | I9: 90.68 | J9: 1.12 | K9: 0.4469608 | L9: 0.49028571 | M9: 0.26192373 | N9: -0.37223305 | O9: 0.50110593 | P9: -0.65148837 | Q9: 2.2942038 | R9: 2.4533125 | S9: 4.3491597 | T9: 21.416701 | U9: 21.443424 | V9: 21.492197 | W9: 0.29310759 | X9: -0.36793882 | Y9: 0.088835073 | Z9: 0.054521921 | AA9: 0 | AB9: 3 | AC9: 28 | AD9: 28 | AE9: 28 | AF9: 26 | AG9: 29 | AH9: 20 | AI9: 24 | AJ9: 21 | AK9: 16 | AL9: 3 | AM9: 26 | AN9: 26 | AO9: 21 | AP9: 21 | AQ9: =IF(AA9="","",AA9/$E9*100) -> 0 | AR9: =IF(AB9="","",AB9/$E9*100) -> 0.6 | AS9: =IF(AC9="","",AC9/$E9*100) -> 5.6 | AT9: =IF(AD9="","",AD9/$E9*100) -> 5.6 | AU9: =IF(AE9="","",AE9/$E9*100) -> 5.6 | AV9: =IF(AF9="","",AF9/$E9*100) -> 5.2 | AW9: =IF(AG9="","",AG9/$E9*100) -> 5.8 | AX9: =IF(AH9="","",AH9/$E9*100) -> 4 | ... BF9: =IF(AP9="","",AP9/$E9*100) -> 4.2
A10: RP67509 | B10: P40AR002N20003U | C10: 03U | D10: 03U | E10: 500 | F10: 93.2 | G10: 93.2 | H10: =ABS(F10-G10) -> 0 | I10: 91.88 | J10: 1.32 | K10: 0.4432036 | L10: 0.48919067 | M10: 0.27410105 | N10: -0.39446105 | O10: 0.53807789 | P10: -0.69731646 | Q10: 2.2818763 | R10: 2.4415866 | S10: 4.598309 | T10: 21.152893 | U10: 21.189117 | V10: 21.230505 | W10: 0.30865401 | X10: -0.39238819 | Y10: 0.073271222 | Z10: 0.042152893 | AA10: 0 | AB10: 7 | AC10: 25 | AD10: 25 | AE10: 25 | AF10: 26 | AG10: 31 | AH10: 20 | AI10: 21 | AJ10: 16 | AK10: 13 | AL10: 5 | AM10: 26 | AN10: 26 | AO10: 17 | AP10: 16 | AQ10: =IF(AA10="","",AA10/$E10*100) -> 0 | AR10: =IF(AB10="","",AB10/$E10*100) -> 1.4 | AS10: =IF(AC10="","",AC10/$E10*100) -> 5 | AT10: =IF(AD10="","",AD10/$E10*100) -> 5 | AU10: =IF(AE10="","",AE10/$E10*100) -> 5 | AV10: =IF(AF10="","",AF10/$E10*100) -> 5.2 | AW10: =IF(AG10="","",AG10/$E10*100) -> 6.2 | AX10: =IF(AH10="","",AH10/$E10*100) -> 4 | ... BF10: =IF(AP10="","",AP10/$E10*100) -> 3.2
A11: RP67517 | B11: P40AR002N20003U | C11: 03U | D11: 03U | E11: 500 | F11: 96.2 | G11: 96.2 | H11: =ABS(F11-G11) -> 0 | I11: 94.34 | J11: 1.86 | K11: 0.4493616 | L11: 0.48922244 | M11: 0.28964787 | N11: -0.41766531 | O11: 0.59339676 | P11: -0.81243725 | Q11: 2.2411704 | R11: 2.3990303 | S11: 4.1775154 | T11: 20.826489 | U11: 20.859229 | V11: 20.90501 | W11: 0.3285 | X11: -0.40698178 | Y11: 0.08047541 | Z11: 0.039192623 | AA11: 0 | AB11: 1 | AC11: 7 | AD11: 7 | AE11: 6 | AF11: 6 | AG11: 13 | AH11: 5 | AI11: 13 | AJ11: 13 | AK11: 7 | AL11: 1 | AM11: 6 | AN11: 6 | AO11: 12 | AP11: 12 | AQ11: =IF(AA11="","",AA11/$E11*100) -> 0 | AR11: =IF(AB11="","",AB11/$E11*100) -> 0.2 | AS11: =IF(AC11="","",AC11/$E11*100) -> 1.4 | AT11: =IF(AD11="","",AD11/$E11*100) -> 1.4 | AU11: =IF(AE11="","",AE11/$E11*100) -> 1.2 | AV11: =IF(AF11="","",AF11/$E11*100) -> 1.2 | AW11: =IF(AG11="","",AG11/$E11*100) -> 2.6 | AX11: =IF(AH11="","",AH11/$E11*100) -> 1 | ... BF11: =IF(AP11="","",AP11/$E11*100) -> 2.4
A12: RP67531 | B12: P40AR002N20003U | C12: 03U | D12: 03U | E12: 500 | F12: 96.6 | G12: 96.6 | H12: =ABS(F12-G12) -> 0 | I12: 93.9 | J12: 2.7 | K12: 0.4474412 | L12: 0.48843775 | M12: 0.28492798 | N12: -0.41473868 | O12: 0.60097727 | P12: -0.7678781 | Q12: 2.2516116 | R12: 2.4084254 | S12: 5.7146217 | T12: 21.513849 | U12: 21.521472 | V12: 21.562272 | W12: 0.3201405 | X12: -0.39519215 | Y12: 0.052714286 | Z12: 0.03685947 | AA12: 0 | AB12: 2 | AC12: 14 | AD12: 14 | AE12: 16 | AF12: 16 | AG12: 16 | AH12: 10 | AI12: 11 | AJ12: 9 | AK12: 6 | AL12: 2 | AM12: 16 | AN12: 16 | AO12: 10 | AP12: 9 | AQ12: =IF(AA12="","",AA12/$E12*100) -> 0 | AR12: =IF(AB12="","",AB12/$E12*100) -> 0.4 | AS12: =IF(AC12="","",AC12/$E12*100) -> 2.8 | AT12: =IF(AD12="","",AD12/$E12*100) -> 2.8 | AU12: =IF(AE12="","",AE12/$E12*100) -> 3.2 | AV12: =IF(AF12="","",AF12/$E12*100) -> 3.2 | AW12: =IF(AG12="","",AG12/$E12*100) -> 3.2 | AX12: =IF(AH12="","",AH12/$E12*100) -> 2 | ... BF12: =IF(AP12="","",AP12/$E12*100) -> 1.8
A13: RP67532 | B13: P40AR002N20003U | C13: 03U | D13: 03U | E13: 500 | F13: 93.4 | G13: 93.4 | H13: =ABS(F13-G13) -> 0 | I13: 94.14 | J13: -0.74 | K13: 0.4475508 | L13: 0.48878514 | M13: 0.29097314 | N13: -0.42894215 | O13: 0.61658178 | P13: -0.76702277 | Q13: 2.2979916 | R13: 2.4573814 | S13: 5.8308386 | T13: 21.09125 | U13: 21.124025 | V13: 21.162222 | W13: 0.3335176 | X13: -0.4055528 | Y13: 0.072586279 | Z13: 0.031983402 | AA13: 0 | AB13: 2 | AC13: 16 | AD13: 16 | AE13: 17 | AF13: 17 | AG13: 22 | AH13: 13 | AI13: 23 | AJ13: 20 | AK13: 13 | AL13: 5 | AM13: 17 | AN13: 17 | AO13: 19 | AP13: 18 | AQ13: =IF(AA13="","",AA13/$E13*100) -> 0 | AR13: =IF(AB13="","",AB13/$E13*100) -> 0.4 | AS13: =IF(AC13="","",AC13/$E13*100) -> 3.2 | AT13: =IF(AD13="","",AD13/$E13*100) -> 3.2 | AU13: =IF(AE13="","",AE13/$E13*100) -> 3.4 | AV13: =IF(AF13="","",AF13/$E13*100) -> 3.4 | AW13: =IF(AG13="","",AG13/$E13*100) -> 4.4 | AX13: =IF(AH13="","",AH13/$E13*100) -> 2.6 | ... BF13: =IF(AP13="","",AP13/$E13*100) -> 3.6
... A699: RP68510 | B699: P40AR002N20003U | C699: 03U | D699: 03U | E699: 500 | F699: 95.6 | G699: 95.8 | H699: =ABS(F699-G699) -> 0.2 | I699: 94.64 | J699: 1.16 | K699: 0.44737 | L699: 0.48828571 | M699: 0.30447336 | N699: -0.46232172 | O699: 0.66486626 | P699: -0.86914609 | Q699: 2.3955694 | R699: 2.5530204 | S699: 5.3589938 | T699: 21.04277 | U699: 21.080202 | V699: 21.106452 | W699: 0.39395679 | X699: -0.43896914 | Y699: 0.062598778 | Z699: 0.02542915 | AA699: 0 | AB699: 3 | AC699: 12 | AD699: 12 | AE699: 14 | AF699: 14 | AG699: 17 | AH699: 9 | AI699: 13 | AJ699: 9 | AK699: 5 | AL699: 4 | AM699: 14 | AN699: 14 | AO699: 9 | AP699: 6 | AQ699: =IF(AA699="","",AA699/$E699*100) -> 0 | AR699: =IF(AB699="","",AB699/$E699*100) -> 0.6 | AS699: =IF(AC699="","",AC699/$E699*100) -> 2.4 | AT699: =IF(AD699="","",AD699/$E699*100) -> 2.4 | AU699: =IF(AE699="","",AE699/$E699*100) -> 2.8 | AV699: =IF(AF699="","",AF699/$E699*100) -> 2.8 | AW699: =IF(AG699="","",AG699/$E699*100) -> 3.4 | AX699: =IF(AH699="","",AH699/$E699*100) -> 1.8 | ... BF699: =IF(AP699="","",AP699/$E699*100) -> 1.2
A700: RP68511 | E700: 500 | F700: 93.8 | G700: 93.8 | H700: =ABS(F700-G700) -> 0 | I700: 91.97 | J700: 1.83 | AB700: 2 | AC700: 12 | AD700: 12 | AE700: 12 | AF700: 12 | AH700: 11 | AI700: 22 | AK700: 9 | AL700: 3 | AP700: 12 | AQ700: =IF(AA700="","",AA700/$E700*100) | AR700: =IF(AB700="","",AB700/$E700*100) -> 0.4 | AS700: =IF(AC700="","",AC700/$E700*100) -> 2.4 | AT700: =IF(AD700="","",AD700/$E700*100) -> 2.4 | AU700: =IF(AE700="","",AE700/$E700*100) -> 2.4 | AV700: =IF(AF700="","",AF700/$E700*100) -> 2.4 | AW700: =IF(AG700="","",AG700/$E700*100) | AX700: =IF(AH700="","",AH700/$E700*100) -> 2.2 | ... BF700: =IF(AP700="","",AP700/$E700*100) -> 2.4
A701: RP68512 | B701: P40AR002N20003U | C701: 03U | D701: 03U | E701: 500 | F701: 96.6 | G701: 96.6 | H701: =ABS(F701-G701) -> 0 | I701: 95.14 | J701: 1.46 | K701: 0.442888 | L701: 0.481062 | M701: 0.27438697 | N701: -0.38260692 | O701: 0.4935336 | P701: -0.61563544 | Q701: 2.4283231 | R701: 2.5935223 | S701: 3.4238776 | T701: 21.43664 | U701: 21.46371 | V701: 21.4976 | W701: 0.32274542 | X701: -0.35339919 | Y701: 0.060777328 | Z701: 0.025995943 | AA701: 0 | AB701: 0 | AC701: 9 | AD701: 9 | AE701: 9 | AF701: 9 | AG701: 11 | AH701: 5 | AI701: 10 | AJ701: 6 | AK701: 4 | AL701: 0 | AM701: 9 | AN701: 9 | AO701: 6 | AP701: 7 | AQ701: =IF(AA701="","",AA701/$E701*100) -> 0 | AR701: =IF(AB701="","",AB701/$E701*100) -> 0 | AS701: =IF(AC701="","",AC701/$E701*100) -> 1.8 | AT701: =IF(AD701="","",AD701/$E701*100) -> 1.8 | AU701: =IF(AE701="","",AE701/$E701*100) -> 1.8 | AV701: =IF(AF701="","",AF701/$E701*100) -> 1.8 | AW701: =IF(AG701="","",AG701/$E701*100) -> 2.2 | AX701: =IF(AH701="","",AH701/$E701*100) -> 1 | ... BF701: =IF(AP701="","",AP701/$E701*100) -> 1.4
A702: RP68513 | B702: P40AR002N20003U | C702: 03U | D702: 03U | E702: 500 | F702: 98.2 | G702: 98.2 | H702: =ABS(F702-G702) -> 0 | I702: 95.8 | J702: 2.4 | K702: 0.4458396 | L702: 0.48477555 | M702: 0.31111336 | N702: -0.46694939 | O702: 0.64441296 | P702: -0.84260729 | Q702: 2.2721907 | R702: 2.4356566 | S702: 4.3007895 | T702: 21.613737 | U702: 21.631006 | V702: 21.665708 | W702: 0.40786235 | X702: -0.4302915 | Y702: 0.067314516 | Z702: 0.033290323 | AA702: 0 | AB702: 1 | AC702: 6 | AD702: 6 | AE702: 6 | AF702: 6 | AG702: 7 | AH702: 4 | AI702: 6 | AJ702: 5 | AK702: 2 | AL702: 1 | AM702: 6 | AN702: 6 | AO702: 4 | AP702: 4 | AQ702: =IF(AA702="","",AA702/$E702*100) -> 0 | AR702: =IF(AB702="","",AB702/$E702*100) -> 0.2 | AS702: =IF(AC702="","",AC702/$E702*100) -> 1.2 | AT702: =IF(AD702="","",AD702/$E702*100) -> 1.2 | AU702: =IF(AE702="","",AE702/$E702*100) -> 1.2 | AV702: =IF(AF702="","",AF702/$E702*100) -> 1.2 | AW702: =IF(AG702="","",AG702/$E702*100) -> 1.4 | AX702: =IF(AH702="","",AH702/$E702*100) -> 0.8 | ... BF702: =IF(AP702="","",AP702/$E702*100) -> 0.8
A703: RP68514 | B703: P40AR002N20003U | C703: 03U | D703: 03U | E703: 500 | F703: 91.2 | G703: 91.2 | H703: =ABS(F703-G703) -> 0 | I703: 89.5 | J703: 1.7 | K703: 0.4452176 | L703: 0.49007114 | M703: 0.30820127 | N703: -0.46714407 | O703: 0.72236864 | P703: -0.87791102 | Q703: 2.385629 | R703: 2.5448857 | S703: 5.6567888 | T703: 21.215336 | U703: 21.245303 | V703: 21.26714 | W703: 0.37901483 | X703: -0.44747881 | Y703: 0.074575 | Z703: 0.027891892 | AA703: 0 | AB703: 8 | AC703: 28 | AD703: 28 | AE703: 28 | AF703: 28 | AG703: 31 | AH703: 17 | AI703: 36 | AJ703: 24 | AK703: 17 | AL703: 3 | AM703: 28 | AN703: 28 | AO703: 20 | AP703: 19 | AQ703: =IF(AA703="","",AA703/$E703*100) -> 0 | AR703: =IF(AB703="","",AB703/$E703*100) -> 1.6 | AS703: =IF(AC703="","",AC703/$E703*100) -> 5.6 | AT703: =IF(AD703="","",AD703/$E703*100) -> 5.6 | AU703: =IF(AE703="","",AE703/$E703*100) -> 5.6 | AV703: =IF(AF703="","",AF703/$E703*100) -> 5.6 | AW703: =IF(AG703="","",AG703/$E703*100) -> 6.2 | AX703: =IF(AH703="","",AH703/$E703*100) -> 3.4 | ... BF703: =IF(AP703="","",AP703/$E703*100) -> 3.8
A704: RP68515 | B704: P40AR002N20003U | C704: 03U | D704: 03U | E704: 500 | F704: 96.8 | G704: 96.8 | H704: =ABS(F704-G704) -> 0 | I704: 95.23 | J704: 1.57 | K704: 0.4400356 | L704: 0.47899197 | M704: 0.29722358 | N704: -0.41944715 | O704: 0.53893075 | P704: -0.69851527 | Q704: 2.4007536 | R704: 2.5672177 | S704: 3.646714 | T704: 21.412274 | U704: 21.435211 | V704: 21.459759 | W704: 0.36350102 | X704: -0.38139308 | Y704: 0.046189516 | Z704: 0.027483871 | AA704: 0 | AB704: 2 | AC704: 8 | AD704: 8 | AE704: 9 | AF704: 9 | AG704: 9 | AH704: 4 | AI704: 7 | AJ704: 3 | AK704: 3 | AL704: 2 | AM704: 9 | AN704: 9 | AO704: 4 | AP704: 4 | AQ704: =IF(AA704="","",AA704/$E704*100) -> 0 | AR704: =IF(AB704="","",AB704/$E704*100) -> 0.4 | AS704: =IF(AC704="","",AC704/$E704*100) -> 1.6 | AT704: =IF(AD704="","",AD704/$E704*100) -> 1.6 | AU704: =IF(AE704="","",AE704/$E704*100) -> 1.8 | AV704: =IF(AF704="","",AF704/$E704*100) -> 1.8 | AW704: =IF(AG704="","",AG704/$E704*100) -> 1.8 | AX704: =IF(AH704="","",AH704/$E704*100) -> 0.8 | ... BF704: =IF(AP704="","",AP704/$E704*100) -> 0.8
A705: RP68516 | B705: P40AR002N20003U | C705: 03U | D705: 03U | E705: 500 | F705: 96.6 | G705: 96.6 | H705: =ABS(F705-G705) -> 0 | I705: 94.42 | J705: 2.18 | K705: 0.445338 | L705: 0.48681452 | M705: 0.30924187 | N705: -0.46424797 | O705: 0.69579022 | P705: -0.85296538 | Q705: 2.197541 | R705: 2.3578119 | S705: 5.2700266 | T705: 21.278439 | U705: 21.326176 | V705: 21.356137 | W705: 0.38082114 | X705: -0.44057114 | Y705: 0.080684426 | Z705: 0.028353909 | AA705: 0 | AB705: 4 | AC705: 8 | AD705: 8 | AE705: 9 | AF705: 8 | AG705: 12 | AH705: 10 | AI705: 12 | AJ705: 13 | AK705: 11 | AL705: 3 | AM705: 8 | AN705: 8 | AO705: 12 | AP705: 14 | AQ705: =IF(AA705="","",AA705/$E705*100) -> 0 | AR705: =IF(AB705="","",AB705/$E705*100) -> 0.8 | AS705: =IF(AC705="","",AC705/$E705*100) -> 1.6 | AT705: =IF(AD705="","",AD705/$E705*100) -> 1.6 | AU705: =IF(AE705="","",AE705/$E705*100) -> 1.8 | AV705: =IF(AF705="","",AF705/$E705*100) -> 1.6 | AW705: =IF(AG705="","",AG705/$E705*100) -> 2.4 | AX705: =IF(AH705="","",AH705/$E705*100) -> 2 | ... BF705: =IF(AP705="","",AP705/$E705*100) -> 2.8
A706: RP68519 | B706: P40AR002N20003U | C706: 03U | D706: 03U | E706: 500 | F706: 97.8 | G706: 97.8 | H706: =ABS(F706-G706) -> 0 | I706: 95.52 | J706: 2.28 | K706: 0.4401124 | L706: 0.47988978 | M706: 0.27804858 | N706: -0.3868502 | O706: 0.49947571 | P706: -0.61154656 | Q706: 2.2620732 | R706: 2.4265789 | S706: 4.7496334 | T706: 21.406275 | U706: 21.441212 | V706: 21.472345 | W706: 0.32703239 | X706: -0.35961336 | Y706: 0.063509128 | Z706: 0.032518219 | AA706: 0 | AB706: 1 | AC706: 6 | AD706: 6 | AE706: 6 | AF706: 6 | AG706: 8 | AH706: 6 | AI706: 9 | AJ706: 6 | AK706: 5 | AL706: 1 | AM706: 6 | AN706: 6 | AO706: 7 | AP706: 6 | AQ706: =IF(AA706="","",AA706/$E706*100) -> 0 | AR706: =IF(AB706="","",AB706/$E706*100) -> 0.2 | AS706: =IF(AC706="","",AC706/$E706*100) -> 1.2 | AT706: =IF(AD706="","",AD706/$E706*100) -> 1.2 | AU706: =IF(AE706="","",AE706/$E706*100) -> 1.2 | AV706: =IF(AF706="","",AF706/$E706*100) -> 1.2 | AW706: =IF(AG706="","",AG706/$E706*100) -> 1.6 | AX706: =IF(AH706="","",AH706/$E706*100) -> 1.2 | ... BF706: =IF(AP706="","",AP706/$E706*100) -> 1.2
A707: RP68520 | B707: P40AR002N20003U | C707: 03U | D707: 03U | E707: 500 | F707: 34.6 | G707: 34.6 | H707: =ABS(F707-G707) -> 0 | I707: 93.28 | J707: -58.68 | K707: 0.3691716 | L707: 0.48344647 | M707: 0.30961878 | N707: -0.46083425 | O707: 0.66931429 | P707: -0.84692571 | Q707: 2.2491005 | R707: 2.3826724 | S707: 6.0459184 | T707: 20.983509 | U707: 21.18354 | V707: 21.37462 | W707: 0.38509143 | X707: -0.42856571 | Y707: 0.40585965 | Z707: 0.034264957 | AA707: 0 | AB707: 61 | AC707: 319 | AD707: 319 | AE707: 325 | AF707: 325 | AG707: 311 | AH707: 262 | AI707: 255 | AJ707: 215 | AK707: 172 | AL707: 39 | AM707: 325 | AN707: 325 | AO707: 215 | AP707: 266 | AQ707: =IF(AA707="","",AA707/$E707*100) -> 0 | AR707: =IF(AB707="","",AB707/$E707*100) -> 12.2 | AS707: =IF(AC707="","",AC707/$E707*100) -> 63.8 | AT707: =IF(AD707="","",AD707/$E707*100) -> 63.8 | AU707: =IF(AE707="","",AE707/$E707*100) -> 65 | AV707: =IF(AF707="","",AF707/$E707*100) -> 65 | AW707: =IF(AG707="","",AG707/$E707*100) -> 62.2 | AX707: =IF(AH707="","",AH707/$E707*100) -> 52.4 | ... BF707: =IF(AP707="","",AP707/$E707*100) -> 53.2
A708: RP68521 | B708: P40AR002N20003U | C708: 03U | D708: 03U | E708: 500 | F708: 91.2 | G708: 91.2 | H708: =ABS(F708-G708) -> 0 | I708: 91.74 | J708: -0.54 | K708: 0.4435436 | L708: 0.4869899 | M708: 0.28732397 | N708: -0.43621166 | O708: 0.61715551 | P708: -0.77639525 | Q708: 2.2380346 | R708: 2.3959494 | S708: 5.3459705 | T708: 21.582218 | U708: 21.619497 | V708: 21.651534 | W708: 0.36476674 | X708: -0.41243413 | Y708: 0.088835073 | Z708: 0.024132479 | AA708: 0 | AB708: 5 | AC708: 37 | AD708: 37 | AE708: 37 | AF708: 37 | AG708: 37 | AH708: 24 | AI708: 26 | AJ708: 22 | AK708: 16 | AL708: 3 | AM708: 37 | AN708: 37 | AO708: 21 | AP708: 32 | AQ708: =IF(AA708="","",AA708/$E708*100) -> 0 | AR708: =IF(AB708="","",AB708/$E708*100) -> 1 | AS708: =IF(AC708="","",AC708/$E708*100) -> 7.4 | AT708: =IF(AD708="","",AD708/$E708*100) -> 7.4 | AU708: =IF(AE708="","",AE708/$E708*100) -> 7.4 | AV708: =IF(AF708="","",AF708/$E708*100) -> 7.4 | AW708: =IF(AG708="","",AG708/$E708*100) -> 7.4 | AX708: =IF(AH708="","",AH708/$E708*100) -> 4.8 | ... BF708: =IF(AP708="","",AP708/$E708*100) -> 6.4
A709: RP68522 | B709: P40AR002N20003U | C709: 03U | D709: 03U | E709: 500 | F709: 96.4 | G709: 96.6 | H709: =ABS(F709-G709) -> 0.2 | I709: 94.42 | J709: 2.18 | K709: 0.4390312 | L709: 0.47827455 | M709: 0.30259305 | N709: -0.42826994 | O709: 0.55472597 | P709: -0.6992454 | Q709: 2.2939344 | R709: 2.4560081 | S709: 4.1299389 | T709: 21.358012 | U709: 21.387424 | V709: 21.417339 | W709: 0.36908998 | X709: -0.38778303 | Y709: 0.058511156 | Z709: 0.028843813 | AA709: 0 | AB709: 1 | AC709: 11 | AD709: 11 | AE709: 11 | AF709: 11 | AG709: 12 | AH709: 4 | AI709: 9 | AJ709: 7 | AK709: 5 | AL709: 2 | AM709: 11 | AN709: 11 | AO709: 7 | AP709: 7 | AQ709: =IF(AA709="","",AA709/$E709*100) -> 0 | AR709: =IF(AB709="","",AB709/$E709*100) -> 0.2 | AS709: =IF(AC709="","",AC709/$E709*100) -> 2.2 | AT709: =IF(AD709="","",AD709/$E709*100) -> 2.2 | AU709: =IF(AE709="","",AE709/$E709*100) -> 2.2 | AV709: =IF(AF709="","",AF709/$E709*100) -> 2.2 | AW709: =IF(AG709="","",AG709/$E709*100) -> 2.4 | AX709: =IF(AH709="","",AH709/$E709*100) -> 0.8 | ... BF709: =IF(AP709="","",AP709/$E709*100) -> 1.4
A710: RP68523 | B710: P40AR002N20003U | C710: 03U | D710: 03U | E710: 500 | F710: 93.8 | G710: 93.8 | H710: =ABS(F710-G710) -> 0 | I710: 91.4 | J710: 2.4 | K710: 0.4451672 | L710: 0.48941414 | M710: 0.30492812 | N710: -0.51363291 | O710: 0.65429598 | P710: -0.84352008 | Q710: 2.345211 | R710: 2.5010744 | S710: 3.9129508 | T710: 21.364549 | U710: 21.392623 | V710: 21.434211 | W710: 0.38382875 | X710: -0.43517336 | Y710: 0.076843177 | Z710: 0.042829569 | AA710: 0 | AB710: 5 | AC710: 27 | AD710: 26 | AE710: 27 | AF710: 27 | AG710: 26 | AH710: 14 | AI710: 12 | AJ710: 12 | AK710: 12 | AL710: 6 | AM710: 27 | AN710: 27 | AO710: 9 | AP710: 13 | AQ710: =IF(AA710="","",AA710/$E710*100) -> 0 | AR710: =IF(AB710="","",AB710/$E710*100) -> 1 | AS710: =IF(AC710="","",AC710/$E710*100) -> 5.4 | AT710: =IF(AD710="","",AD710/$E710*100) -> 5.2 | AU710: =IF(AE710="","",AE710/$E710*100) -> 5.4 | AV710: =IF(AF710="","",AF710/$E710*100) -> 5.4 | AW710: =IF(AG710="","",AG710/$E710*100) -> 5.2 | AX710: =IF(AH710="","",AH710/$E710*100) -> 2.8 | ... BF710: =IF(AP710="","",AP710/$E710*100) -> 2.6
A711: RP68537 | B711: P40AR002N20007U | C711: 07U | D711: 07U | E711: 500 | F711: 94.2 | G711: 94.2 | H711: =ABS(F711-G711) -> 0 | I711: 92.92 | J711: 1.28 | K711: 0.4447436 | L711: 0.48488153 | M711: 0.31921996 | N711: -0.45179633 | O711: 0.60299388 | P711: -0.80686531 | Q711: 2.3015133 | R711: 2.4656275 | S711: 4.5551875 | T711: 21.341837 | U711: 21.355984 | V711: 21.393964 | W711: 0.41138493 | X711: -0.42679837 | Y711: 0.058276986 | Z711: 0.036290389 | AA711: 0 | AB711: 2 | AC711: 9 | AD711: 9 | AE711: 10 | AF711: 10 | AG711: 11 | AH711: 6 | AI711: 20 | AJ711: 10 | AK711: 6 | AL711: 2 | AM711: 9 | AN711: 9 | AO711: 9 | AP711: 11 | AQ711: =IF(AA711="","",AA711/$E711*100) -> 0 | AR711: =IF(AB711="","",AB711/$E711*100) -> 0.4 | AS711: =IF(AC711="","",AC711/$E711*100) -> 1.8 | AT711: =IF(AD711="","",AD711/$E711*100) -> 1.8 | AU711: =IF(AE711="","",AE711/$E711*100) -> 2 | AV711: =IF(AF711="","",AF711/$E711*100) -> 2 | AW711: =IF(AG711="","",AG711/$E711*100) -> 2.2 | AX711: =IF(AH711="","",AH711/$E711*100) -> 1.2 | ... BF711: =IF(AP711="","",AP711/$E711*100) -> 2.2
A712: RP68538 | B712: P40AR002N20007U | C712: 07U | D712: 07U | E712: 500 | F712: 92.6 | G712: 92.6 | H712: =ABS(F712-G712) -> 0 | I712: 91.36 | J712: 1.24 | K712: 0.4345316 | L712: 0.47716397 | M712: 0.2943706 | N712: -0.41345963 | O712: 0.52824224 | P712: -0.66837474 | Q712: 2.2812076 | R712: 2.4409072 | S712: 4.4387021 | T712: 21.300422 | U712: 21.322547 | V712: 21.349287 | W712: 0.34596273 | X712: -0.37691322 | Y712: 0.063169102 | Z712: 0.032350731 | AA712: 0 | AB712: 6 | AC712: 17 | AD712: 17 | AE712: 17 | AF712: 17 | AG712: 28 | AH712: 14 | AI712: 30 | AJ712: 26 | AK712: 21 | AL712: 8 | AM712: 17 | AN712: 16 | AO712: 21 | AP712: 21 | AQ712: =IF(AA712="","",AA712/$E712*100) -> 0 | AR712: =IF(AB712="","",AB712/$E712*100) -> 1.2 | AS712: =IF(AC712="","",AC712/$E712*100) -> 3.4 | AT712: =IF(AD712="","",AD712/$E712*100) -> 3.4 | AU712: =IF(AE712="","",AE712/$E712*100) -> 3.4 | AV712: =IF(AF712="","",AF712/$E712*100) -> 3.4 | AW712: =IF(AG712="","",AG712/$E712*100) -> 5.6 | AX712: =IF(AH712="","",AH712/$E712*100) -> 2.8 | ... BF712: =IF(AP712="","",AP712/$E712*100) -> 4.2
... A1228: RP69328 | B1228: P40AR002N20004U | C1228: 04U | D1228: 04U | E1228: 500 | F1228: 95.8 | G1228: 95.8 | H1228: =ABS(F1228-G1228) -> 0 | I1228: 93.74 | J1228: 2.06 | K1228: 0.4418524 | L1228: 0.48218273 | M1228: 0.35493293 | N1228: -0.52517683 | O1228: 0.8159878 | P1228: -1.0107378 | Q1228: 2.1114079 | R1228: 2.2666049 | S1228: 3.9950311 | T1228: 20.905133 | U1228: 20.928455 | V1228: 20.959476 | W1228: 0.47327236 | X1228: -0.49160976 | Y1228: 0.062282209 | Z1228: 0.034069106 | AA1228: 0 | AB1228: 2 | AC1228: 8 | AD1228: 8 | AE1228: 8 | AF1228: 8 | AG1228: 17 | AH1228: 13 | AI1228: 17 | AJ1228: 13 | AK1228: 8 | AL1228: 4 | AM1228: 8 | AN1228: 8 | AO1228: 11 | AP1228: 8 | AQ1228: =IF(AA1228="","",AA1228/$E1228*100) -> 0 | AR1228: =IF(AB1228="","",AB1228/$E1228*100) -> 0.4 | AS1228: =IF(AC1228="","",AC1228/$E1228*100) -> 1.6 | AT1228: =IF(AD1228="","",AD1228/$E1228*100) -> 1.6 | AU1228: =IF(AE1228="","",AE1228/$E1228*100) -> 1.6 | AV1228: =IF(AF1228="","",AF1228/$E1228*100) -> 1.6 | AW1228: =IF(AG1228="","",AG1228/$E1228*100) -> 3.4 | AX1228: =IF(AH1228="","",AH1228/$E1228*100) -> 2.6 | ... BF1228: =IF(AP1228="","",AP1228/$E1228*100) -> 1.6
A1229: RP69329 | B1229: P40AR002N20004U | C1229: 04U | D1229: 04U | E1229: 500 | F1229: 94.6 | G1229: 94.6 | H1229: =ABS(F1229-G1229) -> 0 | K1229: 0.4439092 | L1229: 0.48587879 | M1229: 0.33005967 | N1229: -0.48420782 | O1229: 0.73726132 | P1229: -0.90841358 | Q1229: 2.0946901 | R1229: 2.2479796 | S1229: 6.4937705 | T1229: 20.632994 | U1229: 20.656795 | V1229: 20.690524 | W1229: 0.37695885 | X1229: -0.44561111 | Y1229: 0.056576065 | Z1229: 0.029369919 | AA1229: 0 | AB1229: 5 | AC1229: 14 | AD1229: 14 | AE1229: 14 | AF1229: 14 | AG1229: 16 | AH1229: 9 | AI1229: 12 | AJ1229: 9 | AK1229: 7 | AL1229: 4 | AM1229: 14 | AN1229: 14 | AO1229: 7 | AP1229: 8 | AQ1229: =IF(AA1229="","",AA1229/$E1229*100) -> 0 | AR1229: =IF(AB1229="","",AB1229/$E1229*100) -> 1 | AS1229: =IF(AC1229="","",AC1229/$E1229*100) -> 2.8 | AT1229: =IF(AD1229="","",AD1229/$E1229*100) -> 2.8 | AU1229: =IF(AE1229="","",AE1229/$E1229*100) -> 2.8 | AV1229: =IF(AF1229="","",AF1229/$E1229*100) -> 2.8 | AW1229: =IF(AG1229="","",AG1229/$E1229*100) -> 3.2 | AX1229: =IF(AH1229="","",AH1229/$E1229*100) -> 1.8 | ... BF1229: =IF(AP1229="","",AP1229/$E1229*100) -> 1.6
A1230: RP69330 | B1230: P40AR002N20004U | C1230: 04U | D1230: 04U | E1230: 500 | F1230: 94.2 | G1230: 94.2 | H1230: =ABS(F1230-G1230) -> 0 | I1230: 92.18 | J1230: 2.02 | K1230: 0.4356212 | L1230: 0.4778664 | M1230: 0.31467076 | N1230: -0.44047035 | O1230: 0.57634765 | P1230: -0.7630409 | Q1230: 2.1432075 | R1230: 2.2982645 | S1230: 3.1821206 | T1230: 20.890329 | U1230: 20.918609 | V1230: 20.948692 | W1230: 0.40178323 | X1230: -0.39249693 | Y1230: 0.05992623 | Z1230: 0.02654433 | AA1230: 0 | AB1230: 6 | AC1230: 11 | AD1230: 11 | AE1230: 11 | AF1230: 11 | AG1230: 23 | AH1230: 13 | AI1230: 19 | AJ1230: 14 | AK1230: 10 | AL1230: 2 | AM1230: 11 | AN1230: 11 | AO1230: 12 | AP1230: 15 | AQ1230: =IF(AA1230="","",AA1230/$E1230*100) -> 0 | AR1230: =IF(AB1230="","",AB1230/$E1230*100) -> 1.2 | AS1230: =IF(AC1230="","",AC1230/$E1230*100) -> 2.2 | AT1230: =IF(AD1230="","",AD1230/$E1230*100) -> 2.2 | AU1230: =IF(AE1230="","",AE1230/$E1230*100) -> 2.2 | AV1230: =IF(AF1230="","",AF1230/$E1230*100) -> 2.2 | AW1230: =IF(AG1230="","",AG1230/$E1230*100) -> 4.6 | AX1230: =IF(AH1230="","",AH1230/$E1230*100) -> 2.6 | ... BF1230: =IF(AP1230="","",AP1230/$E1230*100) -> 3
A1231: RP69331 | B1231: P40AR002N20004U | C1231: 04U | D1231: 04U | E1231: 500 | F1231: 93.4 | G1231: 93.4 | H1231: =ABS(F1231-G1231) -> 0 | I1231: 93.41 | J1231: -0.01 | K1231: 0.449644 | L1231: 0.487408 | M1231: 0.31265145 | N1231: -0.46077593 | O1231: 0.69704357 | P1231: -0.85987344 | Q1231: 2.2557917 | R1231: 2.4128893 | S1231: 4.9382917 | T1231: 21.072857 | U1231: 21.111359 | V1231: 21.146092 | W1231: 0.38688382 | X1231: -0.43308921 | Y1231: 0.062840164 | Z1231: 0.028417178 | AA1231: 0 | AB1231: 0 | AC1231: 18 | AD1231: 18 | AE1231: 18 | AF1231: 18 | AG1231: 20 | AH1231: 12 | AI1231: 20 | AJ1231: 10 | AK1231: 7 | AL1231: 1 | AM1231: 18 | AN1231: 18 | AO1231: 12 | AP1231: 11 | AQ1231: =IF(AA1231="","",AA1231/$E1231*100) -> 0 | AR1231: =IF(AB1231="","",AB1231/$E1231*100) -> 0 | AS1231: =IF(AC1231="","",AC1231/$E1231*100) -> 3.6 | AT1231: =IF(AD1231="","",AD1231/$E1231*100) -> 3.6 | AU1231: =IF(AE1231="","",AE1231/$E1231*100) -> 3.6 | AV1231: =IF(AF1231="","",AF1231/$E1231*100) -> 3.6 | AW1231: =IF(AG1231="","",AG1231/$E1231*100) -> 4 | AX1231: =IF(AH1231="","",AH1231/$E1231*100) -> 2.4 | ... BF1231: =IF(AP1231="","",AP1231/$E1231*100) -> 2.2
A1232: RP69333 | B1232: P40AR002N20004U | C1232: 04U | D1232: 04U | E1232: 500 | F1232: 96.2 | G1232: 96.2 | H1232: =ABS(F1232-G1232) -> 0 | I1232: 93.12 | J1232: 3.08 | K1232: 0.4481684 | L1232: 0.48856914 | M1232: 0.3308313 | N1232: -0.48547561 | O1232: 0.74322764 | P1232: -0.93055285 | Q1232: 2.1307755 | R1232: 2.2874239 | S1232: 4.4722086 | T1232: 21.074542 | U1232: 21.087018 | V1232: 21.137827 | W1232: 0.40799797 | X1232: -0.46959146 | Y1232: 0.065034623 | Z1232: 0.051617108 | AA1232: 0 | AB1232: 1 | AC1232: 8 | AD1232: 8 | AE1232: 8 | AF1232: 8 | AG1232: 10 | AH1232: 6 | AI1232: 11 | AJ1232: 9 | AK1232: 6 | AL1232: 3 | AM1232: 8 | AN1232: 8 | AO1232: 9 | AP1232: 9 | AQ1232: =IF(AA1232="","",AA1232/$E1232*100) -> 0 | AR1232: =IF(AB1232="","",AB1232/$E1232*100) -> 0.2 | AS1232: =IF(AC1232="","",AC1232/$E1232*100) -> 1.6 | AT1232: =IF(AD1232="","",AD1232/$E1232*100) -> 1.6 | AU1232: =IF(AE1232="","",AE1232/$E1232*100) -> 1.6 | AV1232: =IF(AF1232="","",AF1232/$E1232*100) -> 1.6 | AW1232: =IF(AG1232="","",AG1232/$E1232*100) -> 2 | AX1232: =IF(AH1232="","",AH1232/$E1232*100) -> 1.2 | ... BF1232: =IF(AP1232="","",AP1232/$E1232*100) -> 1.8
A1233: RP69334 | B1233: P40AR002N20004U | C1233: 04U | D1233: 04U | E1233: 500 | F1233: 90.4 | G1233: 90.4 | H1233: =ABS(F1233-G1233) -> 0 | I1233: 91.05 | J1233: -0.65 | K1233: 0.4311336 | L1233: 0.47492105 | M1233: 0.34122105 | N1233: -0.47376063 | O1233: 0.63940295 | P1233: -0.8978692 | Q1233: 2.0616596 | R1233: 2.2179707 | S1233: 4.2486752 | T1233: 20.888655 | U1233: 20.940702 | V1233: 20.971919 | W1233: 0.43083544 | X1233: -0.42183333 | Y1233: 0.082214286 | Z1233: 0.027146444 | AA1233: 0 | AB1233: 6 | AC1233: 25 | AD1233: 25 | AE1233: 26 | AF1233: 26 | AG1233: 30 | AH1233: 22 | AI1233: 32 | AJ1233: 24 | AK1233: 16 | AL1233: 5 | AM1233: 26 | AN1233: 26 | AO1233: 24 | AP1233: 22 | AQ1233: =IF(AA1233="","",AA1233/$E1233*100) -> 0 | AR1233: =IF(AB1233="","",AB1233/$E1233*100) -> 1.2 | AS1233: =IF(AC1233="","",AC1233/$E1233*100) -> 5 | AT1233: =IF(AD1233="","",AD1233/$E1233*100) -> 5 | AU1233: =IF(AE1233="","",AE1233/$E1233*100) -> 5.2 | AV1233: =IF(AF1233="","",AF1233/$E1233*100) -> 5.2 | AW1233: =IF(AG1233="","",AG1233/$E1233*100) -> 6 | AX1233: =IF(AH1233="","",AH1233/$E1233*100) -> 4.4 | ... BF1233: =IF(AP1233="","",AP1233/$E1233*100) -> 4.4
A1234: RP69335 | B1234: P40AR002N20004U | C1234: 04U | D1234: 04U | E1234: 500 | F1234: 94.4 | G1234: 94.4 | H1234: =ABS(F1234-G1234) -> 0 | K1234: 0.4443692 | L1234: 0.48781452 | M1234: 0.3201898 | N1234: -0.47217755 | O1234: 0.70521677 | P1234: -0.91272336 | Q1234: 2.1316116 | R1234: 2.2838037 | S1234: 3.5322642 | T1234: 20.888223 | U1234: 20.919836 | V1234: 20.964113 | W1234: 0.40864213 | X1234: -0.45189571 | Y1234: 0.08607377 | Z1234: 0.048513238 | AA1234: 0 | AB1234: 4 | AC1234: 10 | AD1234: 10 | AE1234: 11 | AF1234: 11 | AG1234: 16 | AH1234: 11 | AI1234: 23 | AJ1234: 16 | AK1234: 11 | AL1234: 4 | AM1234: 11 | AN1234: 11 | AO1234: 12 | AP1234: 9 | AQ1234: =IF(AA1234="","",AA1234/$E1234*100) -> 0 | AR1234: =IF(AB1234="","",AB1234/$E1234*100) -> 0.8 | AS1234: =IF(AC1234="","",AC1234/$E1234*100) -> 2 | AT1234: =IF(AD1234="","",AD1234/$E1234*100) -> 2 | AU1234: =IF(AE1234="","",AE1234/$E1234*100) -> 2.2 | AV1234: =IF(AF1234="","",AF1234/$E1234*100) -> 2.2 | AW1234: =IF(AG1234="","",AG1234/$E1234*100) -> 3.2 | AX1234: =IF(AH1234="","",AH1234/$E1234*100) -> 2.2 | ... BF1234: =IF(AP1234="","",AP1234/$E1234*100) -> 1.8
A1235: RP69336 | B1235: P40AR002N20004U | C1235: 04U | D1235: 04U | E1235: 500 | F1235: 93 | G1235: 93 | H1235: =ABS(F1235-G1235) -> 0 | I1235: 92.56 | J1235: 0.44 | K1235: 0.4443336 | L1235: 0.48555823 | M1235: 0.31742331 | N1235: -0.46451534 | O1235: 0.68751534 | P1235: -0.84951844 | Q1235: 2.1409298 | R1235: 2.2990244 | S1235: 5.5344186 | T1235: 21.017805 | U1235: 21.074239 | V1235: 21.116499 | W1235: 0.38464959 | X1235: -0.43932992 | Y1235: 0.10253719 | Z1235: 0.02988843 | AA1235: 0 | AB1235: 2 | AC1235: 11 | AD1235: 11 | AE1235: 11 | AF1235: 12 | AG1235: 16 | AH1235: 8 | AI1235: 27 | AJ1235: 17 | AK1235: 7 | AL1235: 3 | AM1235: 12 | AN1235: 12 | AO1235: 16 | AP1235: 16 | AQ1235: =IF(AA1235="","",AA1235/$E1235*100) -> 0 | AR1235: =IF(AB1235="","",AB1235/$E1235*100) -> 0.4 | AS1235: =IF(AC1235="","",AC1235/$E1235*100) -> 2.2 | AT1235: =IF(AD1235="","",AD1235/$E1235*100) -> 2.2 | AU1235: =IF(AE1235="","",AE1235/$E1235*100) -> 2.2 | AV1235: =IF(AF1235="","",AF1235/$E1235*100) -> 2.4 | AW1235: =IF(AG1235="","",AG1235/$E1235*100) -> 3.2 | AX1235: =IF(AH1235="","",AH1235/$E1235*100) -> 1.6 | ... BF1235: =IF(AP1235="","",AP1235/$E1235*100) -> 3.2
A1236: RP69337 | B1236: P40AR002N20004U | C1236: 04U | D1236: 04U | E1236: 500 | F1236: 94.8 | G1236: 94.8 | H1236: =ABS(F1236-G1236) -> 0 | I1236: 92.97 | J1236: 1.83 | K1236: 0.4458492 | L1236: 0.48578715 | M1236: 0.32603462 | N1236: -0.47537678 | O1236: 0.73197963 | P1236: -0.92926069 | Q1236: 2.0998156 | R1236: 2.2498387 | S1236: 5.1207069 | T1236: 20.677778 | U1236: 20.703043 | V1236: 20.730261 | W1236: 0.38383503 | X1236: -0.44194501 | Y1236: 0.063344262 | Z1236: 0.026934694 | AA1236: 0 | AB1236: 2 | AC1236: 9 | AD1236: 9 | AE1236: 9 | AF1236: 9 | AG1236: 12 | AH1236: 4 | AI1236: 19 | AJ1236: 14 | AK1236: 7 | AL1236: 1 | AM1236: 9 | AN1236: 9 | AO1236: 12 | AP1236: 10 | AQ1236: =IF(AA1236="","",AA1236/$E1236*100) -> 0 | AR1236: =IF(AB1236="","",AB1236/$E1236*100) -> 0.4 | AS1236: =IF(AC1236="","",AC1236/$E1236*100) -> 1.8 | AT1236: =IF(AD1236="","",AD1236/$E1236*100) -> 1.8 | AU1236: =IF(AE1236="","",AE1236/$E1236*100) -> 1.8 | AV1236: =IF(AF1236="","",AF1236/$E1236*100) -> 1.8 | AW1236: =IF(AG1236="","",AG1236/$E1236*100) -> 2.4 | AX1236: =IF(AH1236="","",AH1236/$E1236*100) -> 0.8 | ... BF1236: =IF(AP1236="","",AP1236/$E1236*100) -> 2
A1237: RP69338 | B1237: P40AR002N20004U | C1237: 04U | D1237: 04U | E1237: 500 | F1237: 93.4 | G1237: 93.6 | H1237: =ABS(F1237-G1237) -> 0.2 | I1237: 92.09 | J1237: 1.51 | K1237: 0.4406316 | L1237: 0.48182731 | M1237: 0.34030287 | N1237: -0.50036066 | O1237: 0.72653183 | P1237: -0.91254415 | Q1237: 2.14575 | R1237: 2.304177 | S1237: 3.9737107 | T1237: 21.01219 | U1237: 21.047853 | V1237: 21.081174 | W1237: 0.48005738 | X1237: -0.46153593 | Y1237: 0.081631148 | Z1237: 0.034218107 | AA1237: 0 | AB1237: 2 | AC1237: 12 | AD1237: 12 | AE1237: 13 | AF1237: 13 | AG1237: 20 | AH1237: 13 | AI1237: 23 | AJ1237: 16 | AK1237: 11 | AL1237: 6 | AM1237: 12 | AN1237: 13 | AO1237: 12 | AP1237: 14 | AQ1237: =IF(AA1237="","",AA1237/$E1237*100) -> 0 | AR1237: =IF(AB1237="","",AB1237/$E1237*100) -> 0.4 | AS1237: =IF(AC1237="","",AC1237/$E1237*100) -> 2.4 | AT1237: =IF(AD1237="","",AD1237/$E1237*100) -> 2.4 | AU1237: =IF(AE1237="","",AE1237/$E1237*100) -> 2.6 | AV1237: =IF(AF1237="","",AF1237/$E1237*100) -> 2.6 | AW1237: =IF(AG1237="","",AG1237/$E1237*100) -> 4 | AX1237: =IF(AH1237="","",AH1237/$E1237*100) -> 2.6 | ... BF1237: =IF(AP1237="","",AP1237/$E1237*100) -> 2.8
A1238: RP69339 | B1238: P40AR002N20004U | C1238: 04U | D1238: 04U | E1238: 500 | F1238: 94.6 | G1238: 94.6 | H1238: =ABS(F1238-G1238) -> 0 | I1238: 93.07 | J1238: 1.53 | K1238: 0.4439616 | L1238: 0.4881596 | M1238: 0.31022336 | N1238: -0.44897951 | O1238: 0.67442828 | P1238: -0.82930123 | Q1238: 2.215795 | R1238: 2.3717427 | S1238: 5.62725 | T1238: 21.203734 | U1238: 21.245868 | V1238: 21.27834 | W1238: 0.37421516 | X1238: -0.42485861 | Y1238: 0.067719008 | Z1238: 0.026935551 | AA1238: 0 | AB1238: 5 | AC1238: 12 | AD1238: 12 | AE1238: 12 | AF1238: 12 | AG1238: 22 | AH1238: 18 | AI1238: 20 | AJ1238: 18 | AK1238: 16 | AL1238: 6 | AM1238: 12 | AN1238: 12 | AO1238: 16 | AP1238: 19 | AQ1238: =IF(AA1238="","",AA1238/$E1238*100) -> 0 | AR1238: =IF(AB1238="","",AB1238/$E1238*100) -> 1 | AS1238: =IF(AC1238="","",AC1238/$E1238*100) -> 2.4 | AT1238: =IF(AD1238="","",AD1238/$E1238*100) -> 2.4 | AU1238: =IF(AE1238="","",AE1238/$E1238*100) -> 2.4 | AV1238: =IF(AF1238="","",AF1238/$E1238*100) -> 2.4 | AW1238: =IF(AG1238="","",AG1238/$E1238*100) -> 4.4 | AX1238: =IF(AH1238="","",AH1238/$E1238*100) -> 3.6 | ... BF1238: =IF(AP1238="","",AP1238/$E1238*100) -> 3.8
A1239: RP69340 | B1239: P40AR002N20004U | C1239: 04U | D1239: 04U | E1239: 500 | F1239: 93.6 | G1239: 93.6 | H1239: =ABS(F1239-G1239) -> 0 | I1239: 91.88 | J1239: 1.72 | K1239: 0.4484796 | L1239: 0.48956627 | M1239: 0.33385102 | N1239: -0.48696945 | O1239: 0.71875051 | P1239: -0.92325562 | Q1239: 2.2253975 | R1239: 2.3797942 | S1239: 3.9755672 | T1239: 21.444764 | U1239: 21.483299 | V1239: 21.546939 | W1239: 0.45683061 | X1239: -0.49422653 | Y1239: 0.10226087 | Z1239: 0.053334719 | AA1239: 0 | AB1239: 2 | AC1239: 10 | AD1239: 9 | AE1239: 11 | AF1239: 11 | AG1239: 22 | AH1239: 12 | AI1239: 24 | AJ1239: 13 | AK1239: 9 | AL1239: 2 | AM1239: 10 | AN1239: 10 | AO1239: 17 | AP1239: 19 | AQ1239: =IF(AA1239="","",AA1239/$E1239*100) -> 0 | AR1239: =IF(AB1239="","",AB1239/$E1239*100) -> 0.4 | AS1239: =IF(AC1239="","",AC1239/$E1239*100) -> 2 | AT1239: =IF(AD1239="","",AD1239/$E1239*100) -> 1.8 | AU1239: =IF(AE1239="","",AE1239/$E1239*100) -> 2.2 | AV1239: =IF(AF1239="","",AF1239/$E1239*100) -> 2.2 | AW1239: =IF(AG1239="","",AG1239/$E1239*100) -> 4.4 | AX1239: =IF(AH1239="","",AH1239/$E1239*100) -> 2.4 | ... BF1239: =IF(AP1239="","",AP1239/$E1239*100) -> 3.8
A1240: RP69341 | B1240: P40AR002N20004U | C1240: 04U | D1240: 04U | E1240: 500 | F1240: 94.8 | G1240: 94.8 | H1240: =ABS(F1240-G1240) -> 0 | I1240: 93.14 | J1240: 1.66 | K1240: 0.4458788 | L1240: 0.48677666 | M1240: 0.3378 | N1240: -0.50300412 | O1240: 0.76465155 | P1240: -0.95429691 | Q1240: 2.1727536 | R1240: 2.3265306 | S1240: 3.9505567 | T1240: 20.907943 | U1240: 20.948283 | V1240: 20.980361 | W1240: 0.43241443 | X1240: -0.47814609 | Y1240: 0.072126273 | Z1240: 0.026114754 | AA1240: 0 | AB1240: 3 | AC1240: 15 | AD1240: 14 | AE1240: 15 | AF1240: 15 | AG1240: 17 | AH1240: 10 | AI1240: 15 | AJ1240: 9 | AK1240: 5 | AL1240: 1 | AM1240: 15 | AN1240: 14 | AO1240: 9 | AP1240: 12 | AQ1240: =IF(AA1240="","",AA1240/$E1240*100) -> 0 | AR1240: =IF(AB1240="","",AB1240/$E1240*100) -> 0.6 | AS1240: =IF(AC1240="","",AC1240/$E1240*100) -> 3 | AT1240: =IF(AD1240="","",AD1240/$E1240*100) -> 2.8 | AU1240: =IF(AE1240="","",AE1240/$E1240*100) -> 3 | AV1240: =IF(AF1240="","",AF1240/$E1240*100) -> 3 | AW1240: =IF(AG1240="","",AG1240/$E1240*100) -> 3.4 | AX1240: =IF(AH1240="","",AH1240/$E1240*100) -> 2 | ... BF1240: =IF(AP1240="","",AP1240/$E1240*100) -> 2.4
A1241: RP69342 | B1241: P40AR002N20004U | C1241: 04U | D1241: 04U | E1241: 480 | F1241: 92.7 | G1241: 92.71 | H1241: =ABS(F1241-G1241) -> 0.01 | I1241: 92.96 | J1241: -0.25 | K1241: 0.441485 | L1241: 0.48198954 | M1241: 0.3289697 | N1241: -0.49087229 | O1241: 0.70980043 | P1241: -0.93715835 | Q1241: 2.0895175 | R1241: 2.2407359 | S1241: 3.9642763 | T1241: 20.633836 | U1241: 20.684926 | V1241: 20.715336 | W1241: 0.46621258 | X1241: -0.45342082 | Y1241: 0.085333333 | Z1241: 0.02872103 | AA1241: 0 | AB1241: 2 | AC1241: 18 | AD1241: 18 | AE1241: 19 | AF1241: 19 | AG1241: 24 | AH1241: 16 | AI1241: 24 | AJ1241: 16 | AK1241: 9 | AL1241: 3 | AM1241: 19 | AN1241: 19 | AO1241: 15 | AP1241: 14 | AQ1241: =IF(AA1241="","",AA1241/$E1241*100) -> 0 | AR1241: =IF(AB1241="","",AB1241/$E1241*100) -> 0.41666667 | AS1241: =IF(AC1241="","",AC1241/$E1241*100) -> 3.75 | AT1241: =IF(AD1241="","",AD1241/$E1241*100) -> 3.75 | AU1241: =IF(AE1241="","",AE1241/$E1241*100) -> 3.9583333 | AV1241: =IF(AF1241="","",AF1241/$E1241*100) -> 3.9583333 | AW1241: =IF(AG1241="","",AG1241/$E1241*100) -> 5 | AX1241: =IF(AH1241="","",AH1241/$E1241*100) -> 3.3333333 | ... BF1241: =IF(AP1241="","",AP1241/$E1241*100) -> 2.9166667
A1242: RP69347 | B1242: P40AR002N20003U | C1242: 03U | D1242: 03U | E1242: 500 | F1242: 95.2 | G1242: 95.2 | H1242: =ABS(F1242-G1242) -> 0 | I1242: 93.23 | J1242: 1.97 | K1242: 0.4433032 | L1242: 0.48406841 | M1242: 0.32931224 | N1242: -0.46356531 | O1242: 0.62941141 | P1242: -0.92052749 | Q1242: 2.2369072 | R1242: 2.3941616 | S1242: 4.3078601 | T1242: 20.89816 | U1242: 20.931984 | V1242: 20.970683 | W1242: 0.42695927 | X1242: -0.43597149 | Y1242: 0.072362525 | Z1242: 0.031447853 | AA1242: 0 | AB1242: 3 | AC1242: 10 | AD1242: 10 | AE1242: 9 | AF1242: 9 | AG1242: 15 | AH1242: 5 | AI1242: 14 | AJ1242: 11 | AK1242: 5 | AL1242: 2 | AM1242: 9 | AN1242: 9 | AO1242: 9 | AP1242: 11 | AQ1242: =IF(AA1242="","",AA1242/$E1242*100) -> 0 | AR1242: =IF(AB1242="","",AB1242/$E1242*100) -> 0.6 | AS1242: =IF(AC1242="","",AC1242/$E1242*100) -> 2 | AT1242: =IF(AD1242="","",AD1242/$E1242*100) -> 2 | AU1242: =IF(AE1242="","",AE1242/$E1242*100) -> 1.8 | AV1242: =IF(AF1242="","",AF1242/$E1242*100) -> 1.8 | AW1242: =IF(AG1242="","",AG1242/$E1242*100) -> 3 | AX1242: =IF(AH1242="","",AH1242/$E1242*100) -> 1 | ... BF1242: =IF(AP1242="","",AP1242/$E1242*100) -> 2.2
A1243: RP69348 | B1243: P40AR002N20003U | C1243: 03U | D1243: 03U | E1243: 500 | F1243: 96.6 | G1243: 96.6 | H1243: =ABS(F1243-G1243) -> 0 | I1243: 94.46 | J1243: 2.14 | K1243: 0.4504468 | L1243: 0.49132064 | M1243: 0.38853061 | N1243: -0.51066327 | O1243: 0.75158469 | P1243: -0.9275 | Q1243: 2.3207172 | R1243: 2.4795918 | S1243: 4.0967351 | T1243: 21.229878 | U1243: 21.245122 | V1243: 21.299799 | W1243: 0.38923878 | X1243: -0.48765918 | Y1243: 0.070686992 | Z1243: 0.055226069 | AA1243: 0 | AB1243: 1 | AC1243: 10 | AD1243: 10 | AE1243: 10 | AF1243: 10 | AG1243: 12 | AH1243: 10 | AI1243: 13 | AJ1243: 8 | AK1243: 7 | AL1243: 1 | AM1243: 10 | AN1243: 10 | AO1243: 8 | AP1243: 9 | AQ1243: =IF(AA1243="","",AA1243/$E1243*100) -> 0 | AR1243: =IF(AB1243="","",AB1243/$E1243*100) -> 0.2 | AS1243: =IF(AC1243="","",AC1243/$E1243*100) -> 2 | AT1243: =IF(AD1243="","",AD1243/$E1243*100) -> 2 | AU1243: =IF(AE1243="","",AE1243/$E1243*100) -> 2 | AV1243: =IF(AF1243="","",AF1243/$E1243*100) -> 2 | AW1243: =IF(AG1243="","",AG1243/$E1243*100) -> 2.4 | AX1243: =IF(AH1243="","",AH1243/$E1243*100) -> 2 | ... BF1243: =IF(AP1243="","",AP1243/$E1243*100) -> 1.8
A1244: RP69349 | B1244: P40AR002N20003U | C1244: 03U | D1244: 03U | E1244: 500 | F1244: 93.6 | G1244: 93.8 | H1244: =ABS(F1244-G1244) -> 0.2 | I1244: 92.27 | J1244: 1.53 | K1244: 0.4432712 | L1244: 0.4835743 | M1244: 0.35572008 | N1244: -0.49684178 | O1244: 0.71834077 | P1244: -0.99123732 | Q1244: 2.1921385 | R1244: 2.351875 | S1244: 3.7203151 | T1244: 21.07459 | U1244: 21.120732 | V1244: 21.159118 | W1244: 0.45824949 | X1244: -0.45975659 | Y1244: 0.085344262 | Z1244: 0.032650104 | AA1244: 0 | AB1244: 2 | AC1244: 7 | AD1244: 7 | AE1244: 7 | AF1244: 7 | AG1244: 9 | AH1244: 4 | AI1244: 24 | AJ1244: 12 | AK1244: 2 | AL1244: 1 | AM1244: 7 | AN1244: 7 | AO1244: 12 | AP1244: 17 | AQ1244: =IF(AA1244="","",AA1244/$E1244*100) -> 0 | AR1244: =IF(AB1244="","",AB1244/$E1244*100) -> 0.4 | AS1244: =IF(AC1244="","",AC1244/$E1244*100) -> 1.4 | AT1244: =IF(AD1244="","",AD1244/$E1244*100) -> 1.4 | AU1244: =IF(AE1244="","",AE1244/$E1244*100) -> 1.4 | AV1244: =IF(AF1244="","",AF1244/$E1244*100) -> 1.4 | AW1244: =IF(AG1244="","",AG1244/$E1244*100) -> 1.8 | AX1244: =IF(AH1244="","",AH1244/$E1244*100) -> 0.8 | ... BF1244: =IF(AP1244="","",AP1244/$E1244*100) -> 3.4
A1245: RP69350 | B1245: P40AR002N20003U | C1245: 03U | D1245: 03U | E1245: 500 | F1245: 96 | G1245: 96 | H1245: =ABS(F1245-G1245) -> 0 | I1245: 92.86 | J1245: 3.14 | K1245: 0.4434996 | L1245: 0.48383735 | M1245: 0.35368293 | N1245: -0.49941463 | O1245: 0.72227439 | P1245: -0.99668902 | Q1245: 2.2559465 | R1245: 2.4147465 | S1245: 3.9818427 | T1245: 21.005749 | U1245: 21.026369 | V1245: 21.05674 | W1245: 0.45652012 | X1245: -0.47070935 | Y1245: 0.056201232 | Z1245: 0.032809816 | AA1245: 0 | AB1245: 2 | AC1245: 8 | AD1245: 8 | AE1245: 8 | AF1245: 8 | AG1245: 14 | AH1245: 6 | AI1245: 17 | AJ1245: 13 | AK1245: 7 | AL1245: 3 | AM1245: 8 | AN1245: 8 | AO1245: 13 | AP1245: 11 | AQ1245: =IF(AA1245="","",AA1245/$E1245*100) -> 0 | AR1245: =IF(AB1245="","",AB1245/$E1245*100) -> 0.4 | AS1245: =IF(AC1245="","",AC1245/$E1245*100) -> 1.6 | AT1245: =IF(AD1245="","",AD1245/$E1245*100) -> 1.6 | AU1245: =IF(AE1245="","",AE1245/$E1245*100) -> 1.6 | AV1245: =IF(AF1245="","",AF1245/$E1245*100) -> 1.6 | AW1245: =IF(AG1245="","",AG1245/$E1245*100) -> 2.8 | AX1245: =IF(AH1245="","",AH1245/$E1245*100) -> 1.2 | ... BF1245: =IF(AP1245="","",AP1245/$E1245*100) -> 2.2
A1246: RP69351 | B1246: P40AR002N20003U | C1246: 03U | D1246: 03U | E1246: 500 | F1246: 94.6 | G1246: 94.6 | H1246: =ABS(F1246-G1246) -> 0 | I1246: 93.49 | J1246: 1.11 | K1246: 0.4423384 | L1246: 0.48360282 | M1246: 0.32753074 | N1246: -0.46560451 | O1246: 0.61736885 | P1246: -0.79664754 | Q1246: 2.3882922 | R1246: 2.5508333 | S1246: 3.484433 | T1246: 21.073265 | U1246: 21.107187 | V1246: 21.133468 | W1246: 0.42013088 | X1246: -0.42675051 | Y1246: 0.064597561 | Z1246: 0.0251875 | AA1246: 0 | AB1246: 4 | AC1246: 12 | AD1246: 12 | AE1246: 12 | AF1246: 11 | AG1246: 14 | AH1246: 8 | AI1246: 15 | AJ1246: 10 | AK1246: 13 | AL1246: 3 | AM1246: 11 | AN1246: 11 | AO1246: 8 | AP1246: 20 | AQ1246: =IF(AA1246="","",AA1246/$E1246*100) -> 0 | AR1246: =IF(AB1246="","",AB1246/$E1246*100) -> 0.8 | AS1246: =IF(AC1246="","",AC1246/$E1246*100) -> 2.4 | AT1246: =IF(AD1246="","",AD1246/$E1246*100) -> 2.4 | AU1246: =IF(AE1246="","",AE1246/$E1246*100) -> 2.4 | AV1246: =IF(AF1246="","",AF1246/$E1246*100) -> 2.2 | AW1246: =IF(AG1246="","",AG1246/$E1246*100) -> 2.8 | AX1246: =IF(AH1246="","",AH1246/$E1246*100) -> 1.6 | ... BF1246: =IF(AP1246="","",AP1246/$E1246*100) -> 4
... A1619: RP69827 | B1619: P40AR002N20008U | C1619: 08U | D1619: 08U | E1619: 500 | F1619: 97 | G1619: 97 | H1619: =ABS(F1619-G1619) -> 0 | I1619: 94.22 | J1619: 2.78 | K1619: 0.453426 | L1619: 0.491604 | M1619: 0.28663306 | N1619: -0.41779637 | O1619: 0.59572177 | P1619: -0.77043838 | Q1619: 2.3588595 | R1619: 2.5164575 | S1619: 4.6774254 | T1619: 20.803067 | U1619: 20.816633 | V1619: 20.840964 | W1619: 0.32436492 | X1619: -0.40556653 | Y1619: 0.039280164 | Z1619: 0.024052738 | AA1619: 0 | AB1619: 0 | AC1619: 4 | AD1619: 4 | AE1619: 4 | AF1619: 4 | AG1619: 9 | AH1619: 5 | AI1619: 11 | AJ1619: 11 | AK1619: 7 | AL1619: 2 | AM1619: 4 | AN1619: 4 | AO1619: 11 | AP1619: 7 | AQ1619: =IF(AA1619="","",AA1619/$E1619*100) -> 0 | AR1619: =IF(AB1619="","",AB1619/$E1619*100) -> 0 | AS1619: =IF(AC1619="","",AC1619/$E1619*100) -> 0.8 | AT1619: =IF(AD1619="","",AD1619/$E1619*100) -> 0.8 | AU1619: =IF(AE1619="","",AE1619/$E1619*100) -> 0.8 | AV1619: =IF(AF1619="","",AF1619/$E1619*100) -> 0.8 | AW1619: =IF(AG1619="","",AG1619/$E1619*100) -> 1.8 | AX1619: =IF(AH1619="","",AH1619/$E1619*100) -> 1 | ... BF1619: =IF(AP1619="","",AP1619/$E1619*100) -> 1.4
A1620: RP69828 | E1620: 500 | F1620: 96.2 | G1620: 96.2 | H1620: =ABS(F1620-G1620) -> 0 | I1620: 94 | J1620: 2.2 | AB1620: 0 | AC1620: 11 | AD1620: 11 | AE1620: 11 | AF1620: 11 | AH1620: 7 | AI1620: 11 | AJ1620: 9 | AL1620: 0 | AO1620: 7 | AP1620: 7 | AQ1620: =IF(AA1620="","",AA1620/$E1620*100) | AR1620: =IF(AB1620="","",AB1620/$E1620*100) -> 0 | AS1620: =IF(AC1620="","",AC1620/$E1620*100) -> 2.2 | AT1620: =IF(AD1620="","",AD1620/$E1620*100) -> 2.2 | AU1620: =IF(AE1620="","",AE1620/$E1620*100) -> 2.2 | AV1620: =IF(AF1620="","",AF1620/$E1620*100) -> 2.2 | AW1620: =IF(AG1620="","",AG1620/$E1620*100) | AX1620: =IF(AH1620="","",AH1620/$E1620*100) -> 1.4 | ... BF1620: =IF(AP1620="","",AP1620/$E1620*100) -> 1.4
A1621: RP69829 | B1621: P40AR002N20008U | C1621: 08U | D1621: 08U | E1621: 500 | F1621: 96.8 | G1621: 96.8 | H1621: =ABS(F1621-G1621) -> 0 | I1621: 95.52 | J1621: 1.28 | K1621: 0.45045 | L1621: 0.49057831 | M1621: 0.28304049 | N1621: -0.40871255 | O1621: 0.56091498 | P1621: -0.74898377 | Q1621: 2.3560736 | R1621: 2.5142041 | S1621: 8.2383093 | T1621: 20.719467 | U1621: 20.742394 | V1621: 20.768612 | W1621: 0.32724494 | X1621: -0.40215182 | Y1621: 0.049292434 | Z1621: 0.024704684 | AA1621: 0 | AB1621: 2 | AC1621: 6 | AD1621: 6 | AE1621: 6 | AF1621: 6 | AG1621: 11 | AH1621: 9 | AI1621: 15 | AJ1621: 12 | AK1621: 6 | AL1621: 3 | AM1621: 6 | AN1621: 6 | AO1621: 11 | AP1621: 9 | AQ1621: =IF(AA1621="","",AA1621/$E1621*100) -> 0 | AR1621: =IF(AB1621="","",AB1621/$E1621*100) -> 0.4 | AS1621: =IF(AC1621="","",AC1621/$E1621*100) -> 1.2 | AT1621: =IF(AD1621="","",AD1621/$E1621*100) -> 1.2 | AU1621: =IF(AE1621="","",AE1621/$E1621*100) -> 1.2 | AV1621: =IF(AF1621="","",AF1621/$E1621*100) -> 1.2 | AW1621: =IF(AG1621="","",AG1621/$E1621*100) -> 2.2 | AX1621: =IF(AH1621="","",AH1621/$E1621*100) -> 1.8 | ... BF1621: =IF(AP1621="","",AP1621/$E1621*100) -> 1.8
A1622: RP69830 | B1622: P40AR002N20008U | C1622: 08U | D1622: 08U | E1622: 500 | F1622: 96 | G1622: 96 | H1622: =ABS(F1622-G1622) -> 0 | I1622: 94.56 | J1622: 1.44 | K1622: 0.4418772 | L1622: 0.48377867 | M1622: 0.31661914 | N1622: -0.44866395 | O1622: 0.64257841 | P1622: -0.82590631 | Q1622: 2.2022449 | R1622: 2.3610569 | S1622: 3.9083128 | T1622: 20.714784 | U1622: 20.743673 | V1622: 20.774297 | W1622: 0.41742363 | X1622: -0.42778819 | Y1622: 0.063345603 | Z1622: 0.029055215 | AA1622: 0 | AB1622: 3 | AC1622: 9 | AD1622: 9 | AE1622: 9 | AF1622: 9 | AG1622: 10 | AH1622: 7 | AI1622: 14 | AJ1622: 13 | AK1622: 8 | AL1622: 2 | AM1622: 9 | AN1622: 9 | AO1622: 11 | AP1622: 11 | AQ1622: =IF(AA1622="","",AA1622/$E1622*100) -> 0 | AR1622: =IF(AB1622="","",AB1622/$E1622*100) -> 0.6 | AS1622: =IF(AC1622="","",AC1622/$E1622*100) -> 1.8 | AT1622: =IF(AD1622="","",AD1622/$E1622*100) -> 1.8 | AU1622: =IF(AE1622="","",AE1622/$E1622*100) -> 1.8 | AV1622: =IF(AF1622="","",AF1622/$E1622*100) -> 1.8 | AW1622: =IF(AG1622="","",AG1622/$E1622*100) -> 2 | AX1622: =IF(AH1622="","",AH1622/$E1622*100) -> 1.4 | ... BF1622: =IF(AP1622="","",AP1622/$E1622*100) -> 2.2
A1623: RP69837 | B1623: P40AR002N20007U | C1623: 07U | D1623: 07U | E1623: 500 | F1623: 95 | G1623: 95.2 | H1623: =ABS(F1623-G1623) -> 0.2 | I1623: 94.42 | J1623: 0.78 | K1623: 0.43911582 | L1623: 0.48698167 | M1623: 0.30059792 | N1623: -0.47744375 | O1623: 0.63442917 | P1623: -1.0002 | Q1623: 2.3960294 | R1623: 2.5562578 | S1623: 5.8184886 | T1623: 20.838636 | U1623: 20.859588 | V1623: 20.88898 | W1623: 0.31377578 | X1623: -0.43151875 | Y1623: 0.055965854 | Z1623: 0.028103681 | AA1623: 0 | AB1623: 9 | AC1623: 20 | AD1623: 20 | AE1623: 20 | AF1623: 20 | AG1623: 24 | AH1623: 18 | AI1623: 17 | AJ1623: 16 | AK1623: 15 | AL1623: 9 | AM1623: 21 | AN1623: 20 | AO1623: 8 | AP1623: 11 | AQ1623: =IF(AA1623="","",AA1623/$E1623*100) -> 0 | AR1623: =IF(AB1623="","",AB1623/$E1623*100) -> 1.8 | AS1623: =IF(AC1623="","",AC1623/$E1623*100) -> 4 | AT1623: =IF(AD1623="","",AD1623/$E1623*100) -> 4 | AU1623: =IF(AE1623="","",AE1623/$E1623*100) -> 4 | AV1623: =IF(AF1623="","",AF1623/$E1623*100) -> 4 | AW1623: =IF(AG1623="","",AG1623/$E1623*100) -> 4.8 | AX1623: =IF(AH1623="","",AH1623/$E1623*100) -> 3.6 | ... BF1623: =IF(AP1623="","",AP1623/$E1623*100) -> 2.2
A1624: RP69838 | B1624: P40AR002N20007U | C1624: 07U | D1624: 07U | E1624: 500 | F1624: 95.4 | G1624: 95.4 | H1624: =ABS(F1624-G1624) -> 0 | I1624: 94.58 | J1624: 0.82 | K1624: 0.4497424 | L1624: 0.48927655 | M1624: 0.37380325 | N1624: -0.41325152 | O1624: 0.74014837 | P1624: -0.90221095 | Q1624: 2.4707377 | R1624: 2.6339718 | S1624: 6.1386448 | T1624: 20.455031 | U1624: 20.483806 | V1624: 20.512475 | W1624: 0.38083773 | X1624: -0.37747262 | Y1624: 0.074266667 | Z1624: 0.029949491 | AA1624: 0 | AB1624: 1 | AC1624: 7 | AD1624: 7 | AE1624: 8 | AF1624: 7 | AG1624: 12 | AH1624: 3 | AI1624: 13 | AJ1624: 13 | AK1624: 5 | AL1624: 2 | AM1624: 7 | AN1624: 7 | AO1624: 8 | AP1624: 9 | AQ1624: =IF(AA1624="","",AA1624/$E1624*100) -> 0 | AR1624: =IF(AB1624="","",AB1624/$E1624*100) -> 0.2 | AS1624: =IF(AC1624="","",AC1624/$E1624*100) -> 1.4 | AT1624: =IF(AD1624="","",AD1624/$E1624*100) -> 1.4 | AU1624: =IF(AE1624="","",AE1624/$E1624*100) -> 1.6 | AV1624: =IF(AF1624="","",AF1624/$E1624*100) -> 1.4 | AW1624: =IF(AG1624="","",AG1624/$E1624*100) -> 2.4 | AX1624: =IF(AH1624="","",AH1624/$E1624*100) -> 0.6 | ... BF1624: =IF(AP1624="","",AP1624/$E1624*100) -> 1.8
A1625: RP69839 | B1625: P40AR002N20007U | C1625: 07U | D1625: 07U | E1625: 500 | F1625: 97.6 | G1625: 97.8 | H1625: =ABS(F1625-G1625) -> 0.2 | I1625: 96.34 | J1625: 1.46 | K1625: 0.448988 | L1625: 0.488704 | M1625: 0.27008283 | N1625: -0.44460929 | O1625: 0.5742247 | P1625: -0.94345547 | Q1625: 2.4469091 | R1625: 2.6143232 | S1625: 5.5209128 | T1625: 20.683401 | U1625: 20.696976 | V1625: 20.726253 | W1625: 0.28744372 | X1625: -0.40399596 | Y1625: 0.046133939 | Z1625: 0.028751008 | AA1625: 0 | AB1625: 0 | AC1625: 5 | AD1625: 5 | AE1625: 6 | AF1625: 6 | AG1625: 5 | AH1625: 5 | AI1625: 7 | AJ1625: 6 | AK1625: 4 | AL1625: 1 | AM1625: 6 | AN1625: 5 | AO1625: 5 | AP1625: 4 | AQ1625: =IF(AA1625="","",AA1625/$E1625*100) -> 0 | AR1625: =IF(AB1625="","",AB1625/$E1625*100) -> 0 | AS1625: =IF(AC1625="","",AC1625/$E1625*100) -> 1 | AT1625: =IF(AD1625="","",AD1625/$E1625*100) -> 1 | AU1625: =IF(AE1625="","",AE1625/$E1625*100) -> 1.2 | AV1625: =IF(AF1625="","",AF1625/$E1625*100) -> 1.2 | AW1625: =IF(AG1625="","",AG1625/$E1625*100) -> 1 | AX1625: =IF(AH1625="","",AH1625/$E1625*100) -> 1 | ... BF1625: =IF(AP1625="","",AP1625/$E1625*100) -> 0.8
A1626: RP69840 | B1626: P40AR002N20007U | C1626: 07U | D1626: 07U | E1626: 500 | F1626: 96 | G1626: 96 | H1626: =ABS(F1626-G1626) -> 0 | I1626: 94.55 | J1626: 1.45 | K1626: 0.4469864 | L1626: 0.48735341 | M1626: 0.34032377 | N1626: -0.46860451 | O1626: 0.68150205 | P1626: -0.97365164 | Q1626: 2.3728866 | R1626: 2.5323517 | S1626: 8.9507362 | T1626: 20.974949 | U1626: 21.00081 | V1626: 21.030661 | W1626: 0.35536557 | X1626: -0.42104303 | Y1626: 0.059981466 | Z1626: 0.029859184 | AA1626: 0 | AB1626: 2 | AC1626: 12 | AD1626: 12 | AE1626: 12 | AF1626: 12 | AG1626: 15 | AH1626: 10 | AI1626: 11 | AJ1626: 9 | AK1626: 6 | AL1626: 1 | AM1626: 12 | AN1626: 12 | AO1626: 9 | AP1626: 10 | AQ1626: =IF(AA1626="","",AA1626/$E1626*100) -> 0 | AR1626: =IF(AB1626="","",AB1626/$E1626*100) -> 0.4 | AS1626: =IF(AC1626="","",AC1626/$E1626*100) -> 2.4 | AT1626: =IF(AD1626="","",AD1626/$E1626*100) -> 2.4 | AU1626: =IF(AE1626="","",AE1626/$E1626*100) -> 2.4 | AV1626: =IF(AF1626="","",AF1626/$E1626*100) -> 2.4 | AW1626: =IF(AG1626="","",AG1626/$E1626*100) -> 3 | AX1626: =IF(AH1626="","",AH1626/$E1626*100) -> 2 | ... BF1626: =IF(AP1626="","",AP1626/$E1626*100) -> 2
A1627: RP69841 | B1627: P40AR002N20007U | C1627: 07U | D1627: 07U | E1627: 500 | F1627: 97.6 | G1627: 97.6 | H1627: =ABS(F1627-G1627) -> 0 | I1627: 94.93 | J1627: 2.67 | K1627: 0.452072 | L1627: 0.49396794 | M1627: 0.28901014 | N1627: -0.41712373 | O1627: 0.56601217 | P1627: -0.82888618 | Q1627: 2.3632245 | R1627: 2.5198783 | S1627: 4.8234756 | T1627: 20.458418 | U1627: 20.480372 | V1627: 20.531707 | W1627: 0.31925558 | X1627: -0.41942596 | Y1627: 0.066186235 | Z1627: 0.054939271 | AA1627: 0 | AB1627: 1 | AC1627: 7 | AD1627: 7 | AE1627: 7 | AF1627: 7 | AG1627: 10 | AH1627: 7 | AI1627: 8 | AJ1627: 7 | AK1627: 6 | AL1627: 2 | AM1627: 7 | AN1627: 7 | AO1627: 6 | AP1627: 6 | AQ1627: =IF(AA1627="","",AA1627/$E1627*100) -> 0 | AR1627: =IF(AB1627="","",AB1627/$E1627*100) -> 0.2 | AS1627: =IF(AC1627="","",AC1627/$E1627*100) -> 1.4 | AT1627: =IF(AD1627="","",AD1627/$E1627*100) -> 1.4 | AU1627: =IF(AE1627="","",AE1627/$E1627*100) -> 1.4 | AV1627: =IF(AF1627="","",AF1627/$E1627*100) -> 1.4 | AW1627: =IF(AG1627="","",AG1627/$E1627*100) -> 2 | AX1627: =IF(AH1627="","",AH1627/$E1627*100) -> 1.4 | ... BF1627: =IF(AP1627="","",AP1627/$E1627*100) -> 1.2
A1628: RP69842 | B1628: P40AR002N20007U | C1628: 07U | D1628: 07U | E1628: 500 | F1628: 94.8 | G1628: 95 | H1628: =ABS(F1628-G1628) -> 0.2 | I1628: 92.32 | J1628: 2.68 | K1628: 0.44464046 | L1628: 0.486875 | M1628: 0.28062308 | N1628: -0.53806029 | O1628: 0.62822037 | P1628: -1.0747796 | Q1628: 2.3141788 | R1628: 2.4746708 | S1628: 7.8135918 | T1628: 20.720367 | U1628: 20.750304 | V1628: 20.782897 | W1628: 0.2903079 | X1628: -0.50270478 | Y1628: 0.064531377 | Z1628: 0.029828513 | AA1628: 0 | AB1628: 4 | AC1628: 19 | AD1628: 19 | AE1628: 19 | AF1628: 19 | AG1628: 19 | AH1628: 13 | AI1628: 10 | AJ1628: 9 | AK1628: 7 | AL1628: 3 | AM1628: 19 | AN1628: 19 | AO1628: 6 | AP1628: 9 | AQ1628: =IF(AA1628="","",AA1628/$E1628*100) -> 0 | AR1628: =IF(AB1628="","",AB1628/$E1628*100) -> 0.8 | AS1628: =IF(AC1628="","",AC1628/$E1628*100) -> 3.8 | AT1628: =IF(AD1628="","",AD1628/$E1628*100) -> 3.8 | AU1628: =IF(AE1628="","",AE1628/$E1628*100) -> 3.8 | AV1628: =IF(AF1628="","",AF1628/$E1628*100) -> 3.8 | AW1628: =IF(AG1628="","",AG1628/$E1628*100) -> 3.8 | AX1628: =IF(AH1628="","",AH1628/$E1628*100) -> 2.6 | ... BF1628: =IF(AP1628="","",AP1628/$E1628*100) -> 1.8
A1629: RP69843 | B1629: P40AR002N20007U | C1629: 07U | D1629: 07U | E1629: 500 | F1629: 95.8 | G1629: 95.8 | H1629: =ABS(F1629-G1629) -> 0 | I1629: 94.46 | J1629: 1.34 | K1629: 0.4390488 | L1629: 0.48021976 | M1629: 0.31689549 | N1629: -0.45388525 | O1629: 0.63274538 | P1629: -0.81654733 | Q1629: 2.3134504 | R1629: 2.4721881 | S1629: 4.0454209 | T1629: 20.508589 | U1629: 20.535714 | V1629: 20.563984 | W1629: 0.40405133 | X1629: -0.41469815 | Y1629: 0.049380855 | Z1629: 0.024395112 | AA1629: 0 | AB1629: 4 | AC1629: 12 | AD1629: 12 | AE1629: 13 | AF1629: 14 | AG1629: 16 | AH1629: 10 | AI1629: 13 | AJ1629: 11 | AK1629: 9 | AL1629: 3 | AM1629: 13 | AN1629: 13 | AO1629: 9 | AP1629: 9 | AQ1629: =IF(AA1629="","",AA1629/$E1629*100) -> 0 | AR1629: =IF(AB1629="","",AB1629/$E1629*100) -> 0.8 | AS1629: =IF(AC1629="","",AC1629/$E1629*100) -> 2.4 | AT1629: =IF(AD1629="","",AD1629/$E1629*100) -> 2.4 | AU1629: =IF(AE1629="","",AE1629/$E1629*100) -> 2.6 | AV1629: =IF(AF1629="","",AF1629/$E1629*100) -> 2.8 | AW1629: =IF(AG1629="","",AG1629/$E1629*100) -> 3.2 | AX1629: =IF(AH1629="","",AH1629/$E1629*100) -> 2 | ... BF1629: =IF(AP1629="","",AP1629/$E1629*100) -> 1.8
A1630: RP69844 | B1630: P40AR002N20007U | C1630: 07U | D1630: 07U | E1630: 500 | F1630: 94.4 | G1630: 94.4 | H1630: =ABS(F1630-G1630) -> 0 | I1630: 95.82 | J1630: -1.42 | K1630: 0.4456788 | L1630: 0.48862298 | M1630: 0.27471602 | N1630: -0.558154 | O1630: 0.645577 | P1630: -1.1059651 | Q1630: 2.430083 | R1630: 2.5935656 | S1630: 6.4815063 | T1630: 21.001863 | U1630: 21.025667 | V1630: 21.062424 | W1630: 0.29971766 | X1630: -0.53075975 | Y1630: 0.068674074 | Z1630: 0.030330625 | AA1630: 0 | AB1630: 4 | AC1630: 13 | AD1630: 13 | AE1630: 13 | AF1630: 13 | AG1630: 18 | AH1630: 11 | AI1630: 22 | AJ1630: 17 | AK1630: 13 | AL1630: 5 | AM1630: 13 | AN1630: 13 | AO1630: 14 | AP1630: 20 | AQ1630: =IF(AA1630="","",AA1630/$E1630*100) -> 0 | AR1630: =IF(AB1630="","",AB1630/$E1630*100) -> 0.8 | AS1630: =IF(AC1630="","",AC1630/$E1630*100) -> 2.6 | AT1630: =IF(AD1630="","",AD1630/$E1630*100) -> 2.6 | AU1630: =IF(AE1630="","",AE1630/$E1630*100) -> 2.6 | AV1630: =IF(AF1630="","",AF1630/$E1630*100) -> 2.6 | AW1630: =IF(AG1630="","",AG1630/$E1630*100) -> 3.6 | AX1630: =IF(AH1630="","",AH1630/$E1630*100) -> 2.2 | ... BF1630: =IF(AP1630="","",AP1630/$E1630*100) -> 4
A1631: RP69854 | B1631: P40AR002N20006U | C1631: 06U | D1631: 06U | E1631: 500 | F1631: 87.2 | G1631: 87.2 | H1631: =ABS(F1631-G1631) -> 0 | I1631: 90.28 | J1631: -3.08 | K1631: 0.4469344 | L1631: 0.49037702 | M1631: 0.27124059 | N1631: -0.38894142 | O1631: 0.51226778 | P1631: -0.69645607 | Q1631: 2.359632 | R1631: 2.5139203 | S1631: 7.9323467 | T1631: 20.502222 | U1631: 20.545455 | V1631: 20.571984 | W1631: 0.30503138 | X1631: -0.39042469 | Y1631: 0.085550661 | Z1631: 0.028625821 | AA1631: 0 | AB1631: 4 | AC1631: 22 | AD1631: 22 | AE1631: 22 | AF1631: 22 | AG1631: 38 | AH1631: 20 | AI1631: 50 | AJ1631: 50 | AK1631: 38 | AL1631: 10 | AM1631: 22 | AN1631: 22 | AO1631: 46 | AP1631: 43 | AQ1631: =IF(AA1631="","",AA1631/$E1631*100) -> 0 | AR1631: =IF(AB1631="","",AB1631/$E1631*100) -> 0.8 | AS1631: =IF(AC1631="","",AC1631/$E1631*100) -> 4.4 | AT1631: =IF(AD1631="","",AD1631/$E1631*100) -> 4.4 | AU1631: =IF(AE1631="","",AE1631/$E1631*100) -> 4.4 | AV1631: =IF(AF1631="","",AF1631/$E1631*100) -> 4.4 | AW1631: =IF(AG1631="","",AG1631/$E1631*100) -> 7.6 | AX1631: =IF(AH1631="","",AH1631/$E1631*100) -> 4 | ... BF1631: =IF(AP1631="","",AP1631/$E1631*100) -> 8.6
A1632: RP69855 | B1632: P40AR002N20006U | C1632: 06U | D1632: 06U | E1632: 500 | F1632: 97.2 | G1632: 97.2 | H1632: =ABS(F1632-G1632) -> 0 | I1632: 94.13 | J1632: 3.07 | K1632: 0.4516768 | L1632: 0.49004008 | M1632: 0.28769777 | N1632: -0.41347465 | O1632: 0.58208722 | P1632: -0.74706897 | Q1632: 2.3373523 | R1632: 2.495587 | S1632: 7.2379755 | T1632: 20.775556 | U1632: 20.799598 | V1632: 20.824048 | W1632: 0.32587424 | X1632: -0.40513793 | Y1632: 0.047082828 | Z1632: 0.023080645 | AA1632: 0 | AB1632: 1 | AC1632: 7 | AD1632: 7 | AE1632: 7 | AF1632: 7 | AG1632: 9 | AH1632: 5 | AI1632: 10 | AJ1632: 5 | AK1632: 2 | AL1632: 1 | AM1632: 7 | AN1632: 7 | AO1632: 5 | AP1632: 4 | AQ1632: =IF(AA1632="","",AA1632/$E1632*100) -> 0 | AR1632: =IF(AB1632="","",AB1632/$E1632*100) -> 0.2 | AS1632: =IF(AC1632="","",AC1632/$E1632*100) -> 1.4 | AT1632: =IF(AD1632="","",AD1632/$E1632*100) -> 1.4 | AU1632: =IF(AE1632="","",AE1632/$E1632*100) -> 1.4 | AV1632: =IF(AF1632="","",AF1632/$E1632*100) -> 1.4 | AW1632: =IF(AG1632="","",AG1632/$E1632*100) -> 1.8 | AX1632: =IF(AH1632="","",AH1632/$E1632*100) -> 1 | ... BF1632: =IF(AP1632="","",AP1632/$E1632*100) -> 0.8
... A1783: RP70164 | B1783: P40AR002N20003U | C1783: 03U | D1783: 03U | E1783: 500 | F1783: 89.8 | G1783: 90 | H1783: =ABS(F1783-G1783) -> 0.2 | I1783: 85.86 | J1783: 4.14 | K1783: 0.4501184 | L1783: 0.49315091 | M1783: 0.30848201 | N1783: -0.45653319 | O1783: 0.67478755 | P1783: -0.87575751 | Q1783: 2.3180217 | R1783: 2.4692 | S1783: 3.6186373 | T1783: 20.266387 | U1783: 20.300412 | V1783: 20.353722 | W1783: 0.35135622 | X1783: -0.43584549 | Y1783: 0.11223045 | Z1783: 0.051518672 | AA1783: 0 | AB1783: 3 | AC1783: 33 | AD1783: 33 | AE1783: 34 | AF1783: 34 | AG1783: 40 | AH1783: 22 | AI1783: 23 | AJ1783: 24 | AK1783: 14 | AL1783: 3 | AM1783: 34 | AN1783: 34 | AO1783: 14 | AP1783: 18 | AQ1783: =IF(AA1783="","",AA1783/$E1783*100) -> 0 | AR1783: =IF(AB1783="","",AB1783/$E1783*100) -> 0.6 | AS1783: =IF(AC1783="","",AC1783/$E1783*100) -> 6.6 | AT1783: =IF(AD1783="","",AD1783/$E1783*100) -> 6.6 | AU1783: =IF(AE1783="","",AE1783/$E1783*100) -> 6.8 | AV1783: =IF(AF1783="","",AF1783/$E1783*100) -> 6.8 | AW1783: =IF(AG1783="","",AG1783/$E1783*100) -> 8 | AX1783: =IF(AH1783="","",AH1783/$E1783*100) -> 4.4 | ... BF1783: =IF(AP1783="","",AP1783/$E1783*100) -> 3.6
A1784: RP70167 | E1784: 500 | F1784: 94.2 | G1784: 94.2 | H1784: =ABS(F1784-G1784) -> 0 | I1784: 91.82 | J1784: 2.38 | AB1784: 4 | AC1784: 13 | AD1784: 12 | AE1784: 13 | AF1784: 15 | AH1784: 13 | AI1784: 18 | AK1784: 14 | AL1784: 2 | AP1784: 15 | AQ1784: =IF(AA1784="","",AA1784/$E1784*100) | AR1784: =IF(AB1784="","",AB1784/$E1784*100) -> 0.8 | AS1784: =IF(AC1784="","",AC1784/$E1784*100) -> 2.6 | AT1784: =IF(AD1784="","",AD1784/$E1784*100) -> 2.4 | AU1784: =IF(AE1784="","",AE1784/$E1784*100) -> 2.6 | AV1784: =IF(AF1784="","",AF1784/$E1784*100) -> 3 | AW1784: =IF(AG1784="","",AG1784/$E1784*100) | AX1784: =IF(AH1784="","",AH1784/$E1784*100) -> 2.6 | ... BF1784: =IF(AP1784="","",AP1784/$E1784*100) -> 3
A1785: RP70168 | B1785: P40AR002N20003U | C1785: 03U | D1785: 03U | E1785: 500 | F1785: 90.4 | G1785: 90.4 | H1785: =ABS(F1785-G1785) -> 0 | I1785: 90.34 | J1785: 0.06 | K1785: 0.4415116 | L1785: 0.48639798 | M1785: 0.30234702 | N1785: -0.62693224 | O1785: 0.60503901 | P1785: -0.93534086 | Q1785: 2.221322 | R1785: 2.3827368 | S1785: 5.5581089 | T1785: 20.269677 | U1785: 20.296234 | V1785: 20.331727 | W1785: 0.50096099 | X1785: -0.54522998 | Y1785: 0.076622175 | Z1785: 0.035469409 | AA1785: 0 | AB1785: 5 | AC1785: 13 | AD1785: 13 | AE1785: 13 | AF1785: 13 | AG1785: 31 | AH1785: 24 | AI1785: 41 | AJ1785: 35 | AK1785: 21 | AL1785: 1 | AM1785: 13 | AN1785: 13 | AO1785: 31 | AP1785: 26 | AQ1785: =IF(AA1785="","",AA1785/$E1785*100) -> 0 | AR1785: =IF(AB1785="","",AB1785/$E1785*100) -> 1 | AS1785: =IF(AC1785="","",AC1785/$E1785*100) -> 2.6 | AT1785: =IF(AD1785="","",AD1785/$E1785*100) -> 2.6 | AU1785: =IF(AE1785="","",AE1785/$E1785*100) -> 2.6 | AV1785: =IF(AF1785="","",AF1785/$E1785*100) -> 2.6 | AW1785: =IF(AG1785="","",AG1785/$E1785*100) -> 6.2 | AX1785: =IF(AH1785="","",AH1785/$E1785*100) -> 4.8 | ... BF1785: =IF(AP1785="","",AP1785/$E1785*100) -> 5.2
A1786: RP70169 | B1786: P40AR002N20003U | C1786: 03U | D1786: 03U | E1786: 500 | F1786: 93.2 | G1786: 93.2 | H1786: =ABS(F1786-G1786) -> 0 | I1786: 88.23 | J1786: 4.97 | K1786: 0.446938 | L1786: 0.48722645 | M1786: 0.31775625 | N1786: -0.59761042 | O1786: 0.62057917 | P1786: -1.6768906 | Q1786: 2.2301899 | R1786: 2.3878484 | S1786: 3.8924617 | T1786: 20.423554 | U1786: 20.454175 | V1786: 20.4884 | W1786: 0.52328958 | X1786: -0.50463333 | Y1786: 0.080291786 | Z1786: 0.033881557 | AA1786: 0 | AB1786: 1 | AC1786: 20 | AD1786: 20 | AE1786: 20 | AF1786: 20 | AG1786: 26 | AH1786: 10 | AI1786: 17 | AJ1786: 16 | AK1786: 9 | AL1786: 0 | AM1786: 20 | AN1786: 20 | AO1786: 13 | AP1786: 12 | AQ1786: =IF(AA1786="","",AA1786/$E1786*100) -> 0 | AR1786: =IF(AB1786="","",AB1786/$E1786*100) -> 0.2 | AS1786: =IF(AC1786="","",AC1786/$E1786*100) -> 4 | AT1786: =IF(AD1786="","",AD1786/$E1786*100) -> 4 | AU1786: =IF(AE1786="","",AE1786/$E1786*100) -> 4 | AV1786: =IF(AF1786="","",AF1786/$E1786*100) -> 4 | AW1786: =IF(AG1786="","",AG1786/$E1786*100) -> 5.2 | AX1786: =IF(AH1786="","",AH1786/$E1786*100) -> 2 | ... BF1786: =IF(AP1786="","",AP1786/$E1786*100) -> 2.4
A1787: RP70170 | B1787: P40AR002N20003U | C1787: 03U | D1787: 03U | E1787: 500 | F1787: 94 | G1787: 94.2 | H1787: =ABS(F1787-G1787) -> 0.2 | I1787: 93.42 | J1787: 0.78 | K1787: 0.446992 | L1787: 0.486658 | M1787: 0.3202963 | N1787: -0.60742916 | O1787: 0.65063786 | P1787: -0.88390554 | Q1787: 2.2929012 | R1787: 2.4586558 | S1787: 4.9585535 | T1787: 20.443299 | U1787: 20.46558 | V1787: 20.4952 | W1787: 0.51615844 | X1787: -0.52894251 | Y1787: 0.058885802 | Z1787: 0.03187649 | AA1787: 0 | AB1787: 0 | AC1787: 14 | AD1787: 13 | AE1787: 14 | AF1787: 13 | AG1787: 14 | AH1787: 6 | AI1787: 23 | AJ1787: 15 | AK1787: 9 | AL1787: 0 | AM1787: 14 | AN1787: 13 | AO1787: 14 | AP1787: 10 | AQ1787: =IF(AA1787="","",AA1787/$E1787*100) -> 0 | AR1787: =IF(AB1787="","",AB1787/$E1787*100) -> 0 | AS1787: =IF(AC1787="","",AC1787/$E1787*100) -> 2.8 | AT1787: =IF(AD1787="","",AD1787/$E1787*100) -> 2.6 | AU1787: =IF(AE1787="","",AE1787/$E1787*100) -> 2.8 | AV1787: =IF(AF1787="","",AF1787/$E1787*100) -> 2.6 | AW1787: =IF(AG1787="","",AG1787/$E1787*100) -> 2.8 | AX1787: =IF(AH1787="","",AH1787/$E1787*100) -> 1.2 | ... BF1787: =IF(AP1787="","",AP1787/$E1787*100) -> 2
A1788: RP70171 | B1788: P40AR002N20003U | C1788: 03U | D1788: 03U | E1788: 500 | F1788: 94.2 | G1788: 94.4 | H1788: =ABS(F1788-G1788) -> 0.2 | I1788: 93.91 | J1788: 0.49 | K1788: 0.44456272 | L1788: 0.48626761 | M1788: 0.34625773 | N1788: -0.59028247 | O1788: 0.62981366 | P1788: -0.80948654 | Q1788: 2.3097292 | R1788: 2.4705102 | S1788: 5.3246178 | T1788: 20.320455 | U1788: 20.343354 | V1788: 20.371169 | W1788: 0.62845979 | X1788: -0.52029545 | Y1788: 0.06273668 | Z1788: 0.030806584 | AA1788: 0 | AB1788: 3 | AC1788: 15 | AD1788: 15 | AE1788: 17 | AF1788: 17 | AG1788: 20 | AH1788: 7 | AI1788: 16 | AJ1788: 16 | AK1788: 11 | AL1788: 4 | AM1788: 15 | AN1788: 16 | AO1788: 12 | AP1788: 14 | AQ1788: =IF(AA1788="","",AA1788/$E1788*100) -> 0 | AR1788: =IF(AB1788="","",AB1788/$E1788*100) -> 0.6 | AS1788: =IF(AC1788="","",AC1788/$E1788*100) -> 3 | AT1788: =IF(AD1788="","",AD1788/$E1788*100) -> 3 | AU1788: =IF(AE1788="","",AE1788/$E1788*100) -> 3.4 | AV1788: =IF(AF1788="","",AF1788/$E1788*100) -> 3.4 | AW1788: =IF(AG1788="","",AG1788/$E1788*100) -> 4 | AX1788: =IF(AH1788="","",AH1788/$E1788*100) -> 1.4 | ... BF1788: =IF(AP1788="","",AP1788/$E1788*100) -> 2.8
A1789: RP70172 | B1789: P40AR002N20003U | C1789: 03U | D1789: 03U | E1789: 500 | F1789: 96 | G1789: 96 | H1789: =ABS(F1789-G1789) -> 0 | I1789: 93.31 | J1789: 2.69 | K1789: 0.4431074 | L1789: 0.48533199 | M1789: 0.30382424 | N1789: -0.61283232 | O1789: 0.58174343 | P1789: -0.93309495 | Q1789: 2.1726639 | R1789: 2.3297137 | S1789: 5.1560435 | T1789: 20.527926 | U1789: 20.552857 | V1789: 20.586546 | W1789: 0.50866869 | X1789: -0.53841414 | Y1789: 0.060371926 | Z1789: 0.032834082 | AA1789: 0 | AB1789: 3 | AC1789: 5 | AD1789: 5 | AE1789: 5 | AF1789: 5 | AG1789: 12 | AH1789: 10 | AI1789: 17 | AJ1789: 13 | AK1789: 10 | AL1789: 2 | AM1789: 5 | AN1789: 5 | AO1789: 12 | AP1789: 10 | AQ1789: =IF(AA1789="","",AA1789/$E1789*100) -> 0 | AR1789: =IF(AB1789="","",AB1789/$E1789*100) -> 0.6 | AS1789: =IF(AC1789="","",AC1789/$E1789*100) -> 1 | AT1789: =IF(AD1789="","",AD1789/$E1789*100) -> 1 | AU1789: =IF(AE1789="","",AE1789/$E1789*100) -> 1 | AV1789: =IF(AF1789="","",AF1789/$E1789*100) -> 1 | AW1789: =IF(AG1789="","",AG1789/$E1789*100) -> 2.4 | AX1789: =IF(AH1789="","",AH1789/$E1789*100) -> 2 | ... BF1789: =IF(AP1789="","",AP1789/$E1789*100) -> 2
A1790: RP70173 | B1790: P40AR002N20003U | C1790: 03U | D1790: 03U | E1790: 500 | F1790: 90.4 | G1790: 90.6 | H1790: =ABS(F1790-G1790) -> 0.2 | I1790: 89.22 | J1790: 1.38 | K1790: 0.4410588 | L1790: 0.4840746 | M1790: 0.33151452 | N1790: -0.47143154 | O1790: 0.65398755 | P1790: -0.95103112 | Q1790: 2.2463226 | R1790: 2.4043933 | S1790: 4.4168951 | T1790: 20.281585 | U1790: 20.309895 | V1790: 20.34202 | W1790: 0.4211639 | X1790: -0.4471805 | Y1790: 0.086496842 | Z1790: 0.031192389 | AA1790: 0 | AB1790: 4 | AC1790: 18 | AD1790: 18 | AE1790: 18 | AF1790: 18 | AG1790: 35 | AH1790: 21 | AI1790: 33 | AJ1790: 33 | AK1790: 22 | AL1790: 5 | AM1790: 18 | AN1790: 18 | AO1790: 25 | AP1790: 27 | AQ1790: =IF(AA1790="","",AA1790/$E1790*100) -> 0 | AR1790: =IF(AB1790="","",AB1790/$E1790*100) -> 0.8 | AS1790: =IF(AC1790="","",AC1790/$E1790*100) -> 3.6 | AT1790: =IF(AD1790="","",AD1790/$E1790*100) -> 3.6 | AU1790: =IF(AE1790="","",AE1790/$E1790*100) -> 3.6 | AV1790: =IF(AF1790="","",AF1790/$E1790*100) -> 3.6 | AW1790: =IF(AG1790="","",AG1790/$E1790*100) -> 7 | AX1790: =IF(AH1790="","",AH1790/$E1790*100) -> 4.2 | ... BF1790: =IF(AP1790="","",AP1790/$E1790*100) -> 5.4
A1791: RP70174 | B1791: P40AR002N20003U | C1791: 03U | D1791: 03U | E1791: 500 | F1791: 95.8 | G1791: 96 | H1791: =ABS(F1791-G1791) -> 0.2 | I1791: 93.72 | J1791: 2.28 | K1791: 0.4465928 | L1791: 0.4872249 | M1791: 0.26363157 | N1791: -0.55540733 | O1791: 0.54015275 | P1791: -0.77633401 | Q1791: 2.2503067 | R1791: 2.4063508 | S1791: 4.7799652 | T1791: 20.458045 | U1791: 20.469231 | V1791: 20.504819 | W1791: 0.45993483 | X1791: -0.47714725 | Y1791: 0.052734686 | Z1791: 0.031954582 | AA1791: 0 | AB1791: 2 | AC1791: 9 | AD1791: 9 | AE1791: 9 | AF1791: 9 | AG1791: 11 | AH1791: 4 | AI1791: 12 | AJ1791: 9 | AK1791: 6 | AL1791: 2 | AM1791: 9 | AN1791: 9 | AO1791: 7 | AP1791: 9 | AQ1791: =IF(AA1791="","",AA1791/$E1791*100) -> 0 | AR1791: =IF(AB1791="","",AB1791/$E1791*100) -> 0.4 | AS1791: =IF(AC1791="","",AC1791/$E1791*100) -> 1.8 | AT1791: =IF(AD1791="","",AD1791/$E1791*100) -> 1.8 | AU1791: =IF(AE1791="","",AE1791/$E1791*100) -> 1.8 | AV1791: =IF(AF1791="","",AF1791/$E1791*100) -> 1.8 | AW1791: =IF(AG1791="","",AG1791/$E1791*100) -> 2.2 | AX1791: =IF(AH1791="","",AH1791/$E1791*100) -> 0.8 | ... BF1791: =IF(AP1791="","",AP1791/$E1791*100) -> 1.8
A1792: RP70175 | B1792: P40AR002N20003U | C1792: 03U | D1792: 03U | E1792: 500 | F1792: 92.2 | G1792: 92.2 | H1792: =ABS(F1792-G1792) -> 0 | I1792: 89.31 | J1792: 2.89 | K1792: 0.44094696 | L1792: 0.48550202 | M1792: 0.31449257 | N1792: -0.54670276 | O1792: 0.5956242 | P1792: -0.82360638 | Q1792: 2.1409422 | R1792: 2.2941684 | S1792: 5.4490919 | T1792: 20.544215 | U1792: 20.572041 | V1792: 20.608835 | W1792: 0.5500572 | X1792: -0.48713771 | Y1792: 0.070405133 | Z1792: 0.035814959 | AA1792: 0 | AB1792: 4 | AC1792: 29 | AD1792: 29 | AE1792: 29 | AF1792: 29 | AG1792: 33 | AH1792: 25 | AI1792: 21 | AJ1792: 16 | AK1792: 10 | AL1792: 2 | AM1792: 28 | AN1792: 28 | AO1792: 13 | AP1792: 12 | AQ1792: =IF(AA1792="","",AA1792/$E1792*100) -> 0 | AR1792: =IF(AB1792="","",AB1792/$E1792*100) -> 0.8 | AS1792: =IF(AC1792="","",AC1792/$E1792*100) -> 5.8 | AT1792: =IF(AD1792="","",AD1792/$E1792*100) -> 5.8 | AU1792: =IF(AE1792="","",AE1792/$E1792*100) -> 5.8 | AV1792: =IF(AF1792="","",AF1792/$E1792*100) -> 5.8 | AW1792: =IF(AG1792="","",AG1792/$E1792*100) -> 6.6 | AX1792: =IF(AH1792="","",AH1792/$E1792*100) -> 5 | ... BF1792: =IF(AP1792="","",AP1792/$E1792*100) -> 2.4
A1793: RP70176 | B1793: P40AR002N20003U | C1793: 03U | D1793: 03U | E1793: 500 | F1793: 94.4 | G1793: 94.6 | H1793: =ABS(F1793-G1793) -> 0.2 | I1793: 93.76 | J1793: 0.84 | K1793: 0.44386296 | L1793: 0.48640726 | M1793: 0.27945175 | N1793: -0.55632649 | O1793: 0.5547885 | P1793: -0.78505133 | Q1793: 2.2217782 | R1793: 2.3819295 | S1793: 4.6496577 | T1793: 20.556198 | U1793: 20.574691 | V1793: 20.604024 | W1793: 0.47652156 | X1793: -0.45962012 | Y1793: 0.056086037 | Z1793: 0.031485802 | AA1793: 0 | AB1793: 4 | AC1793: 13 | AD1793: 13 | AE1793: 13 | AF1793: 13 | AG1793: 22 | AH1793: 14 | AI1793: 18 | AJ1793: 16 | AK1793: 13 | AL1793: 3 | AM1793: 13 | AN1793: 13 | AO1793: 13 | AP1793: 14 | AQ1793: =IF(AA1793="","",AA1793/$E1793*100) -> 0 | AR1793: =IF(AB1793="","",AB1793/$E1793*100) -> 0.8 | AS1793: =IF(AC1793="","",AC1793/$E1793*100) -> 2.6 | AT1793: =IF(AD1793="","",AD1793/$E1793*100) -> 2.6 | AU1793: =IF(AE1793="","",AE1793/$E1793*100) -> 2.6 | AV1793: =IF(AF1793="","",AF1793/$E1793*100) -> 2.6 | AW1793: =IF(AG1793="","",AG1793/$E1793*100) -> 4.4 | AX1793: =IF(AH1793="","",AH1793/$E1793*100) -> 2.8 | ... BF1793: =IF(AP1793="","",AP1793/$E1793*100) -> 2.8
A1794: RP70177 | B1794: P40AR002N20003U | C1794: 03U | D1794: 03U | E1794: 500 | F1794: 94 | G1794: 94 | H1794: =ABS(F1794-G1794) -> 0 | I1794: 94.34 | J1794: -0.34 | K1794: 0.44441454 | L1794: 0.48684909 | M1794: 0.31199792 | N1794: -0.622275 | O1794: 0.63150375 | P1794: -0.90558542 | Q1794: 2.2868894 | R1794: 2.4472521 | S1794: 5.4457008 | T1794: 20.176763 | U1794: 20.197741 | V1794: 20.229175 | W1794: 0.52859167 | X1794: -0.53637292 | Y1794: 0.05038781 | Z1794: 0.030116016 | AA1794: 0 | AB1794: 3 | AC1794: 20 | AD1794: 20 | AE1794: 20 | AF1794: 20 | AG1794: 21 | AH1794: 15 | AI1794: 22 | AJ1794: 18 | AK1794: 12 | AL1794: 3 | AM1794: 20 | AN1794: 20 | AO1794: 16 | AP1794: 13 | AQ1794: =IF(AA1794="","",AA1794/$E1794*100) -> 0 | AR1794: =IF(AB1794="","",AB1794/$E1794*100) -> 0.6 | AS1794: =IF(AC1794="","",AC1794/$E1794*100) -> 4 | AT1794: =IF(AD1794="","",AD1794/$E1794*100) -> 4 | AU1794: =IF(AE1794="","",AE1794/$E1794*100) -> 4 | AV1794: =IF(AF1794="","",AF1794/$E1794*100) -> 4 | AW1794: =IF(AG1794="","",AG1794/$E1794*100) -> 4.2 | AX1794: =IF(AH1794="","",AH1794/$E1794*100) -> 3 | ... BF1794: =IF(AP1794="","",AP1794/$E1794*100) -> 2.6
A1795: RP70178 | B1795: P40AR002N20003U | C1795: 03U | D1795: 03U | E1795: 500 | F1795: 86 | G1795: 86 | H1795: =ABS(F1795-G1795) -> 0 | I1795: 84.58 | J1795: 1.42 | K1795: 0.44288718 | L1795: 0.48595766 | M1795: 0.28712663 | N1795: -0.59294715 | O1795: 0.58552846 | P1795: -0.86420325 | Q1795: 2.2935146 | R1795: 2.457577 | S1795: 5.5078318 | T1795: 20.07619 | U1795: 20.141514 | V1795: 20.166667 | W1795: 0.49414228 | X1795: -0.48745528 | Y1795: 0.10471378 | Z1795: 0.034120815 | AA1795: 0 | AB1795: 4 | AC1795: 8 | AD1795: 8 | AE1795: 8 | AF1795: 8 | AG1795: 22 | AH1795: 11 | AI1795: 66 | AJ1795: 59 | AK1795: 28 | AL1795: 4 | AM1795: 8 | AN1795: 8 | AO1795: 50 | AP1795: 34 | AQ1795: =IF(AA1795="","",AA1795/$E1795*100) -> 0 | AR1795: =IF(AB1795="","",AB1795/$E1795*100) -> 0.8 | AS1795: =IF(AC1795="","",AC1795/$E1795*100) -> 1.6 | AT1795: =IF(AD1795="","",AD1795/$E1795*100) -> 1.6 | AU1795: =IF(AE1795="","",AE1795/$E1795*100) -> 1.6 | AV1795: =IF(AF1795="","",AF1795/$E1795*100) -> 1.6 | AW1795: =IF(AG1795="","",AG1795/$E1795*100) -> 4.4 | AX1795: =IF(AH1795="","",AH1795/$E1795*100) -> 2.2 | ... BF1795: =IF(AP1795="","",AP1795/$E1795*100) -> 6.8
A1796: RP70185 | B1796: P40AR002N20003U | C1796: 03U | D1796: 03U | E1796: 500 | F1796: 96 | G1796: 96.2 | H1796: =ABS(F1796-G1796) -> 0.2 | I1796: 93.56 | J1796: 2.64 | K1796: 0.4451724 | L1796: 0.48564329 | M1796: 0.31599122 | N1796: -0.49673469 | O1796: 0.60143878 | P1796: -0.7042298 | Q1796: 2.253306 | R1796: 2.412069 | S1796: 5.058319 | T1796: 20.180777 | U1796: 20.200204 | V1796: 20.232064 | W1796: 0.52302653 | X1796: -0.41530796 | Y1796: 0.054929287 | Z1796: 0.030030612 | AA1796: 0 | AB1796: 1 | AC1796: 10 | AD1796: 10 | AE1796: 10 | AF1796: 10 | AG1796: 13 | AH1796: 5 | AI1796: 11 | AJ1796: 11 | AK1796: 6 | AL1796: 0 | AM1796: 10 | AN1796: 10 | AO1796: 9 | AP1796: 10 | AQ1796: =IF(AA1796="","",AA1796/$E1796*100) -> 0 | AR1796: =IF(AB1796="","",AB1796/$E1796*100) -> 0.2 | AS1796: =IF(AC1796="","",AC1796/$E1796*100) -> 2 | AT1796: =IF(AD1796="","",AD1796/$E1796*100) -> 2 | AU1796: =IF(AE1796="","",AE1796/$E1796*100) -> 2 | AV1796: =IF(AF1796="","",AF1796/$E1796*100) -> 2 | AW1796: =IF(AG1796="","",AG1796/$E1796*100) -> 2.6 | AX1796: =IF(AH1796="","",AH1796/$E1796*100) -> 1 | ... BF1796: =IF(AP1796="","",AP1796/$E1796*100) -> 2
... A2017: RP70479 | B2017: P40AR002N20003U | C2017: 03U | D2017: 03U | E2017: 500 | F2017: 94.4 | G2017: 94.8 | H2017: =ABS(F2017-G2017) -> 0.4 | I2017: 90.66 | J2017: 4.14 | K2017: 0.4471908 | L2017: 0.48926263 | M2017: 0.30273805 | N2017: -0.42654678 | O2017: 0.56584407 | P2017: -0.8327773 | Q2017: 2.3237996 | R2017: 2.4779141 | S2017: 9.6797113 | T2017: 20.759877 | U2017: 20.787373 | V2017: 20.817206 | W2017: 0.36963202 | X2017: -0.48342412 | Y2017: 0.065451943 | Z2017: 0.028387755 | AA2017: 0 | AB2017: 5 | AC2017: 19 | AD2017: 19 | AE2017: 19 | AF2017: 19 | AG2017: 21 | AH2017: 9 | AI2017: 15 | AJ2017: 14 | AK2017: 9 | AL2017: 6 | AM2017: 19 | AN2017: 19 | AO2017: 11 | AP2017: 10 | AQ2017: =IF(AA2017="","",AA2017/$E2017*100) -> 0 | AR2017: =IF(AB2017="","",AB2017/$E2017*100) -> 1 | AS2017: =IF(AC2017="","",AC2017/$E2017*100) -> 3.8 | AT2017: =IF(AD2017="","",AD2017/$E2017*100) -> 3.8 | AU2017: =IF(AE2017="","",AE2017/$E2017*100) -> 3.8 | AV2017: =IF(AF2017="","",AF2017/$E2017*100) -> 3.8 | AW2017: =IF(AG2017="","",AG2017/$E2017*100) -> 4.2 | AX2017: =IF(AH2017="","",AH2017/$E2017*100) -> 1.8 | ... BF2017: =IF(AP2017="","",AP2017/$E2017*100) -> 2
A2018: RP70480 | B2018: P40AR002N20003U | C2018: 03U | D2018: 03U | E2018: 400 | F2018: 92.5 | G2018: 92.5 | H2018: =ABS(F2018-G2018) -> 0 | K2018: 0.4370465 | L2018: 0.47738847 | M2018: 0.32839633 | N2018: -0.46993963 | O2018: 0.63989501 | P2018: -0.85070263 | Q2018: 2.1446174 | R2018: 2.2986957 | S2018: 4.2272585 | T2018: 20.550777 | U2018: 20.56641 | V2018: 20.590152 | W2018: 0.4167769 | X2018: -0.42861155 | Y2018: 0.046459948 | Z2018: 0.025247423 | AA2018: 0 | AB2018: 1 | AC2018: 19 | AD2018: 19 | AE2018: 19 | AF2018: 19 | AG2018: 21 | AH2018: 9 | AI2018: 17 | AJ2018: 14 | AK2018: 10 | AL2018: 4 | AM2018: 19 | AN2018: 19 | AO2018: 13 | AP2018: 12 | AQ2018: =IF(AA2018="","",AA2018/$E2018*100) -> 0 | AR2018: =IF(AB2018="","",AB2018/$E2018*100) -> 0.25 | AS2018: =IF(AC2018="","",AC2018/$E2018*100) -> 4.75 | AT2018: =IF(AD2018="","",AD2018/$E2018*100) -> 4.75 | AU2018: =IF(AE2018="","",AE2018/$E2018*100) -> 4.75 | AV2018: =IF(AF2018="","",AF2018/$E2018*100) -> 4.75 | AW2018: =IF(AG2018="","",AG2018/$E2018*100) -> 5.25 | AX2018: =IF(AH2018="","",AH2018/$E2018*100) -> 2.25 | ... BF2018: =IF(AP2018="","",AP2018/$E2018*100) -> 3
A2019: RP70481 | B2019: P40AR002N20003U | C2019: 03U | D2019: 03U | E2019: 500 | F2019: 87.4 | G2019: 87.4 | H2019: =ABS(F2019-G2019) -> 0 | I2019: 85.1 | J2019: 2.3 | K2019: 0.43868 | L2019: 0.4886544 | M2019: 0.30620759 | N2019: -0.44841741 | O2019: 0.64264955 | P2019: -0.8584308 | Q2019: 2.328465 | R2019: 2.4751627 | S2019: 8.520967 | T2019: 20.952954 | U2019: 20.971002 | V2019: 21.002439 | W2019: 0.34005804 | X2019: -0.44262723 | Y2019: 0.057864924 | Z2019: 0.031801296 | AA2019: 0 | AB2019: 11 | AC2019: 52 | AD2019: 52 | AE2019: 52 | AF2019: 52 | AG2019: 57 | AH2019: 36 | AI2019: 45 | AJ2019: 43 | AK2019: 31 | AL2019: 8 | AM2019: 52 | AN2019: 52 | AO2019: 41 | AP2019: 37 | AQ2019: =IF(AA2019="","",AA2019/$E2019*100) -> 0 | AR2019: =IF(AB2019="","",AB2019/$E2019*100) -> 2.2 | AS2019: =IF(AC2019="","",AC2019/$E2019*100) -> 10.4 | AT2019: =IF(AD2019="","",AD2019/$E2019*100) -> 10.4 | AU2019: =IF(AE2019="","",AE2019/$E2019*100) -> 10.4 | AV2019: =IF(AF2019="","",AF2019/$E2019*100) -> 10.4 | AW2019: =IF(AG2019="","",AG2019/$E2019*100) -> 11.4 | AX2019: =IF(AH2019="","",AH2019/$E2019*100) -> 7.2 | ... BF2019: =IF(AP2019="","",AP2019/$E2019*100) -> 7.4
A2020: RP70482 | B2020: P40AR002N20003U | C2020: 03U | D2020: 03U | E2020: 500 | F2020: 91.8 | G2020: 92 | H2020: =ABS(F2020-G2020) -> 0.2 | I2020: 90.75 | J2020: 1.25 | K2020: 0.4410487 | L2020: 0.48545142 | M2020: 0.18098207 | N2020: -0.81894304 | O2020: 0.49007173 | P2020: -1.5317445 | Q2020: 2.2532692 | R2020: 2.4053782 | S2020: 5.3539453 | T2020: 21.053027 | U2020: 21.067702 | V2020: 21.104427 | W2020: 0.31800105 | X2020: -0.76459494 | Y2020: 0.049689583 | Z2020: 0.034643568 | AA2020: 0 | AB2020: 6 | AC2020: 26 | AD2020: 26 | AE2020: 26 | AF2020: 28 | AG2020: 32 | AH2020: 21 | AI2020: 25 | AJ2020: 21 | AK2020: 16 | AL2020: 3 | AM2020: 26 | AN2020: 26 | AO2020: 20 | AP2020: 18 | AQ2020: =IF(AA2020="","",AA2020/$E2020*100) -> 0 | AR2020: =IF(AB2020="","",AB2020/$E2020*100) -> 1.2 | AS2020: =IF(AC2020="","",AC2020/$E2020*100) -> 5.2 | AT2020: =IF(AD2020="","",AD2020/$E2020*100) -> 5.2 | AU2020: =IF(AE2020="","",AE2020/$E2020*100) -> 5.2 | AV2020: =IF(AF2020="","",AF2020/$E2020*100) -> 5.6 | AW2020: =IF(AG2020="","",AG2020/$E2020*100) -> 6.4 | AX2020: =IF(AH2020="","",AH2020/$E2020*100) -> 4.2 | ... BF2020: =IF(AP2020="","",AP2020/$E2020*100) -> 3.6
A2021: RP70483 | B2021: P40AR002N20003U | C2021: 03U | D2021: 03U | E2021: 500 | F2021: 96.6 | G2021: 96.6 | H2021: =ABS(F2021-G2021) -> 0 | I2021: 94.17 | J2021: 2.43 | K2021: 0.4498236 | L2021: 0.48956112 | M2021: 0.31681429 | N2021: -0.47153265 | O2021: 0.56754082 | P2021: -0.94009796 | Q2021: 2.3483984 | R2021: 2.504939 | S2021: 11.987131 | T2021: 21.088391 | U2021: 21.117312 | V2021: 21.145161 | W2021: 0.40012653 | X2021: -0.56189796 | Y2021: 0.057584521 | Z2021: 0.029221996 | AA2021: 0 | AB2021: 1 | AC2021: 10 | AD2021: 10 | AE2021: 10 | AF2021: 10 | AG2021: 13 | AH2021: 8 | AI2021: 12 | AJ2021: 9 | AK2021: 9 | AL2021: 4 | AM2021: 10 | AN2021: 10 | AO2021: 9 | AP2021: 9 | AQ2021: =IF(AA2021="","",AA2021/$E2021*100) -> 0 | AR2021: =IF(AB2021="","",AB2021/$E2021*100) -> 0.2 | AS2021: =IF(AC2021="","",AC2021/$E2021*100) -> 2 | AT2021: =IF(AD2021="","",AD2021/$E2021*100) -> 2 | AU2021: =IF(AE2021="","",AE2021/$E2021*100) -> 2 | AV2021: =IF(AF2021="","",AF2021/$E2021*100) -> 2 | AW2021: =IF(AG2021="","",AG2021/$E2021*100) -> 2.6 | AX2021: =IF(AH2021="","",AH2021/$E2021*100) -> 1.6 | ... BF2021: =IF(AP2021="","",AP2021/$E2021*100) -> 1.8
A2022: RP70484 | B2022: P40AR002N20003U | C2022: 03U | D2022: 03U | E2022: 500 | F2022: 95 | G2022: 95.4 | H2022: =ABS(F2022-G2022) -> 0.4 | I2022: 92.6 | J2022: 2.8 | K2022: 0.4396812 | L2022: 0.47938353 | M2022: 0.34214604 | N2022: -0.53296964 | O2022: 0.74930769 | P2022: -0.93097571 | Q2022: 2.2267351 | R2022: 2.3852342 | S2022: 4.4630309 | T2022: 21.013402 | U2022: 21.039468 | V2022: 21.074395 | W2022: 0.44037449 | X2022: -0.47345344 | Y2022: 0.063065844 | Z2022: 0.029794661 | AA2022: 0 | AB2022: 2 | AC2022: 7 | AD2022: 6 | AE2022: 6 | AF2022: 6 | AG2022: 13 | AH2022: 8 | AI2022: 15 | AJ2022: 15 | AK2022: 11 | AL2022: 4 | AM2022: 6 | AN2022: 6 | AO2022: 14 | AP2022: 13 | AQ2022: =IF(AA2022="","",AA2022/$E2022*100) -> 0 | AR2022: =IF(AB2022="","",AB2022/$E2022*100) -> 0.4 | AS2022: =IF(AC2022="","",AC2022/$E2022*100) -> 1.4 | AT2022: =IF(AD2022="","",AD2022/$E2022*100) -> 1.2 | AU2022: =IF(AE2022="","",AE2022/$E2022*100) -> 1.2 | AV2022: =IF(AF2022="","",AF2022/$E2022*100) -> 1.2 | AW2022: =IF(AG2022="","",AG2022/$E2022*100) -> 2.6 | AX2022: =IF(AH2022="","",AH2022/$E2022*100) -> 1.6 | ... BF2022: =IF(AP2022="","",AP2022/$E2022*100) -> 2.6
A2023: RP70485 | B2023: P40AR002N20003U | C2023: 03U | D2023: 03U | E2023: 500 | F2023: 95.8 | G2023: 95.8 | H2023: =ABS(F2023-G2023) -> 0 | I2023: 95.35 | J2023: 0.45 | K2023: 0.436988 | L2023: 0.47963636 | M2023: 0.33212245 | N2023: -0.48689347 | O2023: 0.72592857 | P2023: -0.91319796 | Q2023: 2.187624 | R2023: 2.3431224 | S2023: 4.548444 | T2023: 21.013758 | U2023: 21.04065 | V2023: 21.075806 | W2023: 0.42878163 | X2023: -0.4661 | Y2023: 0.060501027 | Z2023: 0.031008163 | AA2023: 0 | AB2023: 5 | AC2023: 10 | AD2023: 10 | AE2023: 10 | AF2023: 10 | AG2023: 16 | AH2023: 10 | AI2023: 18 | AJ2023: 13 | AK2023: 8 | AL2023: 4 | AM2023: 10 | AN2023: 10 | AO2023: 13 | AP2023: 10 | AQ2023: =IF(AA2023="","",AA2023/$E2023*100) -> 0 | AR2023: =IF(AB2023="","",AB2023/$E2023*100) -> 1 | AS2023: =IF(AC2023="","",AC2023/$E2023*100) -> 2 | AT2023: =IF(AD2023="","",AD2023/$E2023*100) -> 2 | AU2023: =IF(AE2023="","",AE2023/$E2023*100) -> 2 | AV2023: =IF(AF2023="","",AF2023/$E2023*100) -> 2 | AW2023: =IF(AG2023="","",AG2023/$E2023*100) -> 3.2 | AX2023: =IF(AH2023="","",AH2023/$E2023*100) -> 2 | ... BF2023: =IF(AP2023="","",AP2023/$E2023*100) -> 2
A2024: RP70486 | B2024: P40AR002N20003U | C2024: 03U | D2024: 03U | E2024: 500 | F2024: 94.2 | G2024: 94.2 | H2024: =ABS(F2024-G2024) -> 0 | I2024: 90.81 | J2024: 3.39 | K2024: 0.4423884 | L2024: 0.48498592 | M2024: 0.29570082 | N2024: -0.42905738 | O2024: 0.54003689 | P2024: -0.82274538 | Q2024: 2.1021086 | R2024: 2.2523663 | S2024: 9.11225 | T2024: 20.701035 | U2024: 20.719136 | V2024: 20.758065 | W2024: 0.35077049 | X2024: -0.44794057 | Y2024: 0.05690535 | Z2024: 0.030455487 | AA2024: 0 | AB2024: 3 | AC2024: 12 | AD2024: 12 | AE2024: 12 | AF2024: 12 | AG2024: 21 | AH2024: 13 | AI2024: 20 | AJ2024: 17 | AK2024: 11 | AL2024: 4 | AM2024: 12 | AN2024: 12 | AO2024: 14 | AP2024: 17 | AQ2024: =IF(AA2024="","",AA2024/$E2024*100) -> 0 | AR2024: =IF(AB2024="","",AB2024/$E2024*100) -> 0.6 | AS2024: =IF(AC2024="","",AC2024/$E2024*100) -> 2.4 | AT2024: =IF(AD2024="","",AD2024/$E2024*100) -> 2.4 | AU2024: =IF(AE2024="","",AE2024/$E2024*100) -> 2.4 | AV2024: =IF(AF2024="","",AF2024/$E2024*100) -> 2.4 | AW2024: =IF(AG2024="","",AG2024/$E2024*100) -> 4.2 | AX2024: =IF(AH2024="","",AH2024/$E2024*100) -> 2.6 | ... BF2024: =IF(AP2024="","",AP2024/$E2024*100) -> 3.4
A2025: RP70487 | B2025: P40AR002N20003U | C2025: 03U | D2025: 03U | E2025: 500 | F2025: 91.4 | G2025: 91.4 | H2025: =ABS(F2025-G2025) -> 0 | I2025: 89.7 | J2025: 1.7 | K2025: 0.44186556 | L2025: 0.48517907 | M2025: 0.20209283 | N2025: -0.80921308 | O2025: 0.52105085 | P2025: -1.2032489 | Q2025: 2.1950107 | R2025: 2.3468815 | S2025: 5.8014419 | T2025: 20.748 | U2025: 20.769897 | V2025: 20.813105 | W2025: 0.3757661 | X2025: -0.74533686 | Y2025: 0.059324211 | Z2025: 0.035008159 | AA2025: 0 | AB2025: 3 | AC2025: 26 | AD2025: 26 | AE2025: 28 | AF2025: 29 | AG2025: 33 | AH2025: 17 | AI2025: 27 | AJ2025: 25 | AK2025: 14 | AL2025: 3 | AM2025: 28 | AN2025: 28 | AO2025: 25 | AP2025: 22 | AQ2025: =IF(AA2025="","",AA2025/$E2025*100) -> 0 | AR2025: =IF(AB2025="","",AB2025/$E2025*100) -> 0.6 | AS2025: =IF(AC2025="","",AC2025/$E2025*100) -> 5.2 | AT2025: =IF(AD2025="","",AD2025/$E2025*100) -> 5.2 | AU2025: =IF(AE2025="","",AE2025/$E2025*100) -> 5.6 | AV2025: =IF(AF2025="","",AF2025/$E2025*100) -> 5.8 | AW2025: =IF(AG2025="","",AG2025/$E2025*100) -> 6.6 | AX2025: =IF(AH2025="","",AH2025/$E2025*100) -> 3.4 | ... BF2025: =IF(AP2025="","",AP2025/$E2025*100) -> 4.4
A2026: RP70488 | B2026: P40AR002N20003U | C2026: 03U | D2026: 03U | E2026: 500 | F2026: 95.6 | G2026: 95.8 | H2026: =ABS(F2026-G2026) -> 0.2 | I2026: 92.12 | J2026: 3.68 | K2026: 0.4463668 | L2026: 0.48924646 | M2026: 0.30858642 | N2026: -0.45769753 | O2026: 0.58638683 | P2026: -0.92364256 | Q2026: 2.2796266 | R2026: 2.4331481 | S2026: 8.9946392 | T2026: 20.87577 | U2026: 20.89898 | V2026: 20.925352 | W2026: 0.36772428 | X2026: -0.5067284 | Y2026: 0.057212245 | Z2026: 0.028208589 | AA2026: 0 | AB2026: 5 | AC2026: 14 | AD2026: 14 | AE2026: 14 | AF2026: 14 | AG2026: 18 | AH2026: 12 | AI2026: 15 | AJ2026: 13 | AK2026: 10 | AL2026: 3 | AM2026: 14 | AN2026: 14 | AO2026: 10 | AP2026: 11 | AQ2026: =IF(AA2026="","",AA2026/$E2026*100) -> 0 | AR2026: =IF(AB2026="","",AB2026/$E2026*100) -> 1 | AS2026: =IF(AC2026="","",AC2026/$E2026*100) -> 2.8 | AT2026: =IF(AD2026="","",AD2026/$E2026*100) -> 2.8 | AU2026: =IF(AE2026="","",AE2026/$E2026*100) -> 2.8 | AV2026: =IF(AF2026="","",AF2026/$E2026*100) -> 2.8 | AW2026: =IF(AG2026="","",AG2026/$E2026*100) -> 3.6 | AX2026: =IF(AH2026="","",AH2026/$E2026*100) -> 2.4 | ... BF2026: =IF(AP2026="","",AP2026/$E2026*100) -> 2.2
A2027: RP70489 | B2027: P40AR002N20003U | C2027: 03U | D2027: 03U | E2027: 500 | F2027: 94.4 | G2027: 94.4 | H2027: =ABS(F2027-G2027) -> 0 | I2027: 93.08 | J2027: 1.32 | K2027: 0.4477718 | L2027: 0.48820441 | M2027: 0.13686992 | N2027: -0.79374327 | O2027: 0.40613797 | P2027: -1.1399108 | Q2027: 2.3737292 | R2027: 2.5295893 | S2027: 5.1075811 | T2027: 20.940204 | U2027: 20.960489 | V2027: 21.000201 | W2027: 0.27646253 | X2027: -0.80608075 | Y2027: 0.052870348 | Z2027: 0.031870902 | AA2027: 0 | AB2027: 1 | AC2027: 18 | AD2027: 17 | AE2027: 18 | AF2027: 18 | AG2027: 20 | AH2027: 10 | AI2027: 13 | AJ2027: 10 | AK2027: 8 | AL2027: 2 | AM2027: 17 | AN2027: 17 | AO2027: 11 | AP2027: 12 | AQ2027: =IF(AA2027="","",AA2027/$E2027*100) -> 0 | AR2027: =IF(AB2027="","",AB2027/$E2027*100) -> 0.2 | AS2027: =IF(AC2027="","",AC2027/$E2027*100) -> 3.6 | AT2027: =IF(AD2027="","",AD2027/$E2027*100) -> 3.4 | AU2027: =IF(AE2027="","",AE2027/$E2027*100) -> 3.6 | AV2027: =IF(AF2027="","",AF2027/$E2027*100) -> 3.6 | AW2027: =IF(AG2027="","",AG2027/$E2027*100) -> 4 | AX2027: =IF(AH2027="","",AH2027/$E2027*100) -> 2 | ... BF2027: =IF(AP2027="","",AP2027/$E2027*100) -> 2.4
A2028: RP70490 | B2028: P40AR002N20003U | C2028: 03U | D2028: 03U | E2028: 500 | F2028: 92.2 | G2028: 92.2 | H2028: =ABS(F2028-G2028) -> 0 | I2028: 91.81 | J2028: 0.39 | K2028: 0.4419746 | L2028: 0.48587903 | M2028: 0.14229179 | N2028: -0.81428337 | O2028: 0.41794969 | P2028: -1.1748255 | Q2028: 2.203481 | R2028: 2.3578719 | S2028: 4.9349218 | T2028: 20.748008 | U2028: 20.766042 | V2028: 20.803823 | W2028: 0.24636776 | X2028: -0.78006366 | Y2028: 0.071373125 | Z2028: 0.03327907 | AA2028: 0 | AB2028: 4 | AC2028: 13 | AD2028: 13 | AE2028: 13 | AF2028: 13 | AG2028: 26 | AH2028: 16 | AI2028: 27 | AJ2028: 23 | AK2028: 18 | AL2028: 3 | AM2028: 13 | AN2028: 13 | AO2028: 20 | AP2028: 27 | AQ2028: =IF(AA2028="","",AA2028/$E2028*100) -> 0 | AR2028: =IF(AB2028="","",AB2028/$E2028*100) -> 0.8 | AS2028: =IF(AC2028="","",AC2028/$E2028*100) -> 2.6 | AT2028: =IF(AD2028="","",AD2028/$E2028*100) -> 2.6 | AU2028: =IF(AE2028="","",AE2028/$E2028*100) -> 2.6 | AV2028: =IF(AF2028="","",AF2028/$E2028*100) -> 2.6 | AW2028: =IF(AG2028="","",AG2028/$E2028*100) -> 5.2 | AX2028: =IF(AH2028="","",AH2028/$E2028*100) -> 3.2 | ... BF2028: =IF(AP2028="","",AP2028/$E2028*100) -> 5.4
A2029: RP70491 | B2029: P40AR002N20003U | C2029: 03U | D2029: 03U | E2029: 500 | F2029: 94 | G2029: 94 | H2029: =ABS(F2029-G2029) -> 0 | I2029: 91.32 | J2029: 2.68 | K2029: 0.4443494 | L2029: 0.48865657 | M2029: 0.075610744 | N2029: -0.85544008 | O2029: 0.30447081 | P2029: -1.1630704 | Q2029: 2.3514644 | R2029: 2.5050722 | S2029: 4.8459167 | T2029: 20.945228 | U2029: 20.970637 | V2029: 21.010887 | W2029: 0.19598509 | X2029: -0.78973085 | Y2029: 0.065736232 | Z2029: 0.037604375 | AA2029: 0 | AB2029: 5 | AC2029: 16 | AD2029: 16 | AE2029: 17 | AF2029: 17 | AG2029: 22 | AH2029: 15 | AI2029: 20 | AJ2029: 18 | AK2029: 12 | AL2029: 4 | AM2029: 17 | AN2029: 17 | AO2029: 17 | AP2029: 20 | AQ2029: =IF(AA2029="","",AA2029/$E2029*100) -> 0 | AR2029: =IF(AB2029="","",AB2029/$E2029*100) -> 1 | AS2029: =IF(AC2029="","",AC2029/$E2029*100) -> 3.2 | AT2029: =IF(AD2029="","",AD2029/$E2029*100) -> 3.2 | AU2029: =IF(AE2029="","",AE2029/$E2029*100) -> 3.4 | AV2029: =IF(AF2029="","",AF2029/$E2029*100) -> 3.4 | AW2029: =IF(AG2029="","",AG2029/$E2029*100) -> 4.4 | AX2029: =IF(AH2029="","",AH2029/$E2029*100) -> 3 | ... BF2029: =IF(AP2029="","",AP2029/$E2029*100) -> 4
A2030: RP70492 | B2030: P40AR002N20003U | C2030: 03U | D2030: 03U | E2030: 500 | F2030: 94.4 | G2030: 94.6 | H2030: =ABS(F2030-G2030) -> 0.2 | I2030: 93.52 | J2030: 1.08 | K2030: 0.448898 | L2030: 0.49067944 | M2030: 0.32581595 | N2030: -0.48286708 | O2030: 0.73806531 | P2030: -0.94550204 | Q2030: 2.2773006 | R2030: 2.4361382 | S2030: 6.8208333 | T2030: 20.972074 | U2030: 20.99 | V2030: 21.037097 | W2030: 0.35825918 | X2030: -0.46639184 | Y2030: 0.061223819 | Z2030: 0.043584362 | AA2030: 0 | AB2030: 4 | AC2030: 11 | AD2030: 11 | AE2030: 10 | AF2030: 10 | AG2030: 11 | AH2030: 8 | AI2030: 20 | AJ2030: 13 | AK2030: 10 | AL2030: 3 | AM2030: 10 | AN2030: 10 | AO2030: 13 | AP2030: 14 | AQ2030: =IF(AA2030="","",AA2030/$E2030*100) -> 0 | AR2030: =IF(AB2030="","",AB2030/$E2030*100) -> 0.8 | AS2030: =IF(AC2030="","",AC2030/$E2030*100) -> 2.2 | AT2030: =IF(AD2030="","",AD2030/$E2030*100) -> 2.2 | AU2030: =IF(AE2030="","",AE2030/$E2030*100) -> 2 | AV2030: =IF(AF2030="","",AF2030/$E2030*100) -> 2 | AW2030: =IF(AG2030="","",AG2030/$E2030*100) -> 2.2 | AX2030: =IF(AH2030="","",AH2030/$E2030*100) -> 1.6 | ... BF2030: =IF(AP2030="","",AP2030/$E2030*100) -> 2.8
... A2135: RP70655 | B2135: P40AR002N20008U | C2135: 08U | D2135: 08U | E2135: 500 | F2135: 95.8 | G2135: 95.8 | H2135: =ABS(F2135-G2135) -> 0 | I2135: 93.92 | J2135: 1.88 | K2135: 0.4379912 | L2135: 0.48172211 | M2135: 0.31408249 | N2135: -0.45044467 | O2135: 0.64157545 | P2135: -0.84255332 | Q2135: 2.12409 | R2135: 2.280611 | S2135: 4.5212422 | T2135: 20.698973 | U2135: 20.716393 | V2135: 20.746761 | W2135: 0.41474044 | X2135: -0.43557143 | Y2135: 0.05369574 | Z2135: 0.028907216 | AA2135: 0 | AB2135: 7 | AC2135: 3 | AD2135: 3 | AE2135: 3 | AF2135: 3 | AG2135: 11 | AH2135: 9 | AI2135: 17 | AJ2135: 13 | AK2135: 11 | AL2135: 6 | AM2135: 3 | AN2135: 3 | AO2135: 7 | AP2135: 15 | AQ2135: =IF(AA2135="","",AA2135/$E2135*100) -> 0 | AR2135: =IF(AB2135="","",AB2135/$E2135*100) -> 1.4 | AS2135: =IF(AC2135="","",AC2135/$E2135*100) -> 0.6 | AT2135: =IF(AD2135="","",AD2135/$E2135*100) -> 0.6 | AU2135: =IF(AE2135="","",AE2135/$E2135*100) -> 0.6 | AV2135: =IF(AF2135="","",AF2135/$E2135*100) -> 0.6 | AW2135: =IF(AG2135="","",AG2135/$E2135*100) -> 2.2 | AX2135: =IF(AH2135="","",AH2135/$E2135*100) -> 1.8 | ... BF2135: =IF(AP2135="","",AP2135/$E2135*100) -> 3
A2136: RP70656 | B2136: P40AR002N20008U | C2136: 08U | D2136: 08U | E2136: 500 | F2136: 94 | G2136: 94 | H2136: =ABS(F2136-G2136) -> 0 | K2136: 0.4493188 | L2136: 0.48978112 | M2136: 0.32618347 | N2136: -0.47675202 | O2136: 0.65061089 | P2136: -0.90634073 | Q2136: 2.2345175 | R2136: 2.3908554 | S2136: 8.8448941 | T2136: 21.056394 | U2136: 21.066253 | V2136: 21.112048 | W2136: 0.38046976 | X2136: -0.52955645 | Y2136: 0.069933194 | Z2136: 0.04639666 | AA2136: 0 | AB2136: 2 | AC2136: 4 | AD2136: 4 | AE2136: 4 | AF2136: 4 | AG2136: 13 | AH2136: 6 | AI2136: 28 | AJ2136: 23 | AK2136: 17 | AL2136: 2 | AM2136: 4 | AN2136: 4 | AO2136: 21 | AP2136: 21 | AQ2136: =IF(AA2136="","",AA2136/$E2136*100) -> 0 | AR2136: =IF(AB2136="","",AB2136/$E2136*100) -> 0.4 | AS2136: =IF(AC2136="","",AC2136/$E2136*100) -> 0.8 | AT2136: =IF(AD2136="","",AD2136/$E2136*100) -> 0.8 | AU2136: =IF(AE2136="","",AE2136/$E2136*100) -> 0.8 | AV2136: =IF(AF2136="","",AF2136/$E2136*100) -> 0.8 | AW2136: =IF(AG2136="","",AG2136/$E2136*100) -> 2.6 | AX2136: =IF(AH2136="","",AH2136/$E2136*100) -> 1.2 | ... BF2136: =IF(AP2136="","",AP2136/$E2136*100) -> 4.2
A2137: RP70657 | B2137: P40AR002N20008U | C2137: 08U | D2137: 08U | E2137: 500 | F2137: 94 | G2137: 94 | H2137: =ABS(F2137-G2137) -> 0 | I2137: 93.36 | J2137: 0.64 | K2137: 0.443322 | L2137: 0.4848125 | M2137: 0.29159875 | N2137: -0.41417464 | O2137: 0.59941996 | P2137: -0.74130769 | Q2137: 2.0767296 | R2137: 2.2247023 | S2137: 8.403706 | T2137: 21.005144 | U2137: 21.033063 | V2137: 21.072782 | W2137: 0.33527027 | X2137: -0.40624324 | Y2137: 0.076703476 | Z2137: 0.029383984 | AA2137: 0 | AB2137: 4 | AC2137: 19 | AD2137: 19 | AE2137: 19 | AF2137: 19 | AG2137: 23 | AH2137: 10 | AI2137: 17 | AJ2137: 14 | AK2137: 7 | AL2137: 4 | AM2137: 19 | AN2137: 19 | AO2137: 11 | AP2137: 13 | AQ2137: =IF(AA2137="","",AA2137/$E2137*100) -> 0 | AR2137: =IF(AB2137="","",AB2137/$E2137*100) -> 0.8 | AS2137: =IF(AC2137="","",AC2137/$E2137*100) -> 3.8 | AT2137: =IF(AD2137="","",AD2137/$E2137*100) -> 3.8 | AU2137: =IF(AE2137="","",AE2137/$E2137*100) -> 3.8 | AV2137: =IF(AF2137="","",AF2137/$E2137*100) -> 3.8 | AW2137: =IF(AG2137="","",AG2137/$E2137*100) -> 4.6 | AX2137: =IF(AH2137="","",AH2137/$E2137*100) -> 2 | ... BF2137: =IF(AP2137="","",AP2137/$E2137*100) -> 2.6
A2138: RP70658 | B2138: P40AR002N20008U | C2138: 08U | D2138: 08U | E2138: 500 | F2138: 96.2 | G2138: 96.2 | H2138: =ABS(F2138-G2138) -> 0 | I2138: 94.16 | J2138: 2.04 | K2138: 0.4458852 | L2138: 0.48641283 | M2138: 0.30975254 | N2138: -0.44454675 | O2138: 0.67627033 | P2138: -0.83131772 | Q2138: 2.1343354 | R2138: 2.2863821 | S2138: 6.4341116 | T2138: 20.617078 | U2138: 20.626884 | V2138: 20.672745 | W2138: 0.35836105 | X2138: -0.46263008 | Y2138: 0.059950719 | Z2138: 0.044391837 | AA2138: 0 | AB2138: 1 | AC2138: 7 | AD2138: 8 | AE2138: 8 | AF2138: 9 | AG2138: 11 | AH2138: 7 | AI2138: 16 | AJ2138: 14 | AK2138: 9 | AL2138: 1 | AM2138: 7 | AN2138: 8 | AO2138: 13 | AP2138: 10 | AQ2138: =IF(AA2138="","",AA2138/$E2138*100) -> 0 | AR2138: =IF(AB2138="","",AB2138/$E2138*100) -> 0.2 | AS2138: =IF(AC2138="","",AC2138/$E2138*100) -> 1.4 | AT2138: =IF(AD2138="","",AD2138/$E2138*100) -> 1.6 | AU2138: =IF(AE2138="","",AE2138/$E2138*100) -> 1.6 | AV2138: =IF(AF2138="","",AF2138/$E2138*100) -> 1.8 | AW2138: =IF(AG2138="","",AG2138/$E2138*100) -> 2.2 | AX2138: =IF(AH2138="","",AH2138/$E2138*100) -> 1.4 | ... BF2138: =IF(AP2138="","",AP2138/$E2138*100) -> 2
A2139: RP70659 | B2139: P40AR002N20003U | C2139: 03U | D2139: 03U | E2139: 500 | F2139: 93.6 | G2139: 93.8 | H2139: =ABS(F2139-G2139) -> 0.2 | I2139: 93.13 | J2139: 0.67 | K2139: 0.445922 | L2139: 0.4868494 | M2139: 0.34858392 | N2139: -0.62138969 | O2139: 0.65172165 | P2139: -0.93781443 | Q2139: 2.3019751 | R2139: 2.4568367 | S2139: 4.4949589 | T2139: 21.222857 | U2139: 21.293061 | V2139: 21.329459 | W2139: 0.44066845 | X2139: -0.59298969 | Y2139: 0.10434826 | Z2139: 0.035231612 | AA2139: 0 | AB2139: 2 | AC2139: 15 | AD2139: 15 | AE2139: 15 | AF2139: 15 | AG2139: 19 | AH2139: 10 | AI2139: 13 | AJ2139: 10 | AK2139: 9 | AL2139: 1 | AM2139: 15 | AN2139: 15 | AO2139: 11 | AP2139: 16 | AQ2139: =IF(AA2139="","",AA2139/$E2139*100) -> 0 | AR2139: =IF(AB2139="","",AB2139/$E2139*100) -> 0.4 | AS2139: =IF(AC2139="","",AC2139/$E2139*100) -> 3 | AT2139: =IF(AD2139="","",AD2139/$E2139*100) -> 3 | AU2139: =IF(AE2139="","",AE2139/$E2139*100) -> 3 | AV2139: =IF(AF2139="","",AF2139/$E2139*100) -> 3 | AW2139: =IF(AG2139="","",AG2139/$E2139*100) -> 3.8 | AX2139: =IF(AH2139="","",AH2139/$E2139*100) -> 2 | ... BF2139: =IF(AP2139="","",AP2139/$E2139*100) -> 3.2
A2140: RP70660 | B2140: P40AR002N20003U | C2140: 03U | D2140: 03U | E2140: 500 | F2140: 93.2 | G2140: 93.2 | H2140: =ABS(F2140-G2140) -> 0 | I2140: 90.64 | J2140: 2.56 | K2140: 0.445652 | L2140: 0.48819316 | M2140: 0.20963431 | N2140: -0.62728452 | O2140: 0.4410271 | P2140: -0.96364916 | Q2140: 2.4018987 | R2140: 2.5607884 | S2140: 4.1168685 | T2140: 21.119753 | U2140: 21.155714 | V2140: 21.195391 | W2140: 0.31596471 | X2140: -0.5867521 | Y2140: 0.074576495 | Z2140: 0.03259134 | AA2140: 0 | AB2140: 3 | AC2140: 22 | AD2140: 22 | AE2140: 24 | AF2140: 24 | AG2140: 26 | AH2140: 17 | AI2140: 21 | AJ2140: 14 | AK2140: 9 | AL2140: 1 | AM2140: 24 | AN2140: 24 | AO2140: 15 | AP2140: 15 | AQ2140: =IF(AA2140="","",AA2140/$E2140*100) -> 0 | AR2140: =IF(AB2140="","",AB2140/$E2140*100) -> 0.6 | AS2140: =IF(AC2140="","",AC2140/$E2140*100) -> 4.4 | AT2140: =IF(AD2140="","",AD2140/$E2140*100) -> 4.4 | AU2140: =IF(AE2140="","",AE2140/$E2140*100) -> 4.8 | AV2140: =IF(AF2140="","",AF2140/$E2140*100) -> 4.8 | AW2140: =IF(AG2140="","",AG2140/$E2140*100) -> 5.2 | AX2140: =IF(AH2140="","",AH2140/$E2140*100) -> 3.4 | ... BF2140: =IF(AP2140="","",AP2140/$E2140*100) -> 3
A2141: RP70661 | B2141: P40AR002N20003U | C2141: 03U | D2141: 03U | E2141: 500 | F2141: 94 | G2141: 94.2 | H2141: =ABS(F2141-G2141) -> 0.2 | I2141: 93.18 | J2141: 1.02 | K2141: 0.4455086 | L2141: 0.48803421 | M2141: 0.23755835 | N2141: -0.52617572 | O2141: 0.45760742 | P2141: -0.71581856 | Q2141: 2.3932505 | R2141: 2.5501025 | S2141: 4.503188 | T2141: 21.399182 | U2141: 21.428513 | V2141: 21.469697 | W2141: 0.35465691 | X2141: -0.43025381 | Y2141: 0.070322245 | Z2141: 0.035588683 | AA2141: 0 | AB2141: 3 | AC2141: 15 | AD2141: 14 | AE2141: 15 | AF2141: 15 | AG2141: 17 | AH2141: 10 | AI2141: 16 | AJ2141: 11 | AK2141: 8 | AL2141: 5 | AM2141: 15 | AN2141: 15 | AO2141: 10 | AP2141: 14 | AQ2141: =IF(AA2141="","",AA2141/$E2141*100) -> 0 | AR2141: =IF(AB2141="","",AB2141/$E2141*100) -> 0.6 | AS2141: =IF(AC2141="","",AC2141/$E2141*100) -> 3 | AT2141: =IF(AD2141="","",AD2141/$E2141*100) -> 2.8 | AU2141: =IF(AE2141="","",AE2141/$E2141*100) -> 3 | AV2141: =IF(AF2141="","",AF2141/$E2141*100) -> 3 | AW2141: =IF(AG2141="","",AG2141/$E2141*100) -> 3.4 | AX2141: =IF(AH2141="","",AH2141/$E2141*100) -> 2 | ... BF2141: =IF(AP2141="","",AP2141/$E2141*100) -> 2.8
A2142: RP70662 | B2142: P40AR002N20003U | C2142: 03U | D2142: 03U | E2142: 500 | F2142: 94.6 | G2142: 94.6 | H2142: =ABS(F2142-G2142) -> 0 | I2142: 92.88 | J2142: 1.72 | K2142: 0.44292 | L2142: 0.4865502 | M2142: 0.29407808 | N2142: -0.70785595 | O2142: 0.62756159 | P2142: -1.0578121 | Q2142: 2.3185084 | R2142: 2.4739256 | S2142: 4.4250586 | T2142: 21.28815 | U2142: 21.295492 | V2142: 21.335872 | W2142: 0.48498539 | X2142: -0.65696451 | Y2142: 0.049964108 | Z2142: 0.035867423 | AA2142: 0 | AB2142: 2 | AC2142: 21 | AD2142: 21 | AE2142: 21 | AF2142: 21 | AG2142: 24 | AH2142: 15 | AI2142: 22 | AJ2142: 19 | AK2142: 12 | AL2142: 1 | AM2142: 21 | AN2142: 21 | AO2142: 18 | AP2142: 15 | AQ2142: =IF(AA2142="","",AA2142/$E2142*100) -> 0 | AR2142: =IF(AB2142="","",AB2142/$E2142*100) -> 0.4 | AS2142: =IF(AC2142="","",AC2142/$E2142*100) -> 4.2 | AT2142: =IF(AD2142="","",AD2142/$E2142*100) -> 4.2 | AU2142: =IF(AE2142="","",AE2142/$E2142*100) -> 4.2 | AV2142: =IF(AF2142="","",AF2142/$E2142*100) -> 4.2 | AW2142: =IF(AG2142="","",AG2142/$E2142*100) -> 4.8 | AX2142: =IF(AH2142="","",AH2142/$E2142*100) -> 3 | ... BF2142: =IF(AP2142="","",AP2142/$E2142*100) -> 3
A2143: RP70663 | B2143: P40AR002N20003U | C2143: 03U | D2143: 03U | E2143: 500 | F2143: 95.6 | G2143: 96 | H2143: =ABS(F2143-G2143) -> 0.4 | I2143: 95.12 | J2143: 0.88 | K2143: 0.448194 | L2143: 0.488938 | M2143: 0.31346171 | N2143: -0.69112831 | O2143: 0.66535438 | P2143: -1.0401141 | Q2143: 2.3822811 | R2143: 2.5449899 | S2143: 4.8704898 | T2143: 21.261179 | U2143: 21.288911 | V2143: 21.3249 | W2143: 0.47973523 | X2143: -0.64836864 | Y2143: 0.056746939 | Z2143: 0.033273022 | AA2143: 0 | AB2143: 0 | AC2143: 9 | AD2143: 9 | AE2143: 9 | AF2143: 9 | AG2143: 9 | AH2143: 5 | AI2143: 10 | AJ2143: 8 | AK2143: 3 | AL2143: 2 | AM2143: 9 | AN2143: 9 | AO2143: 10 | AP2143: 7 | AQ2143: =IF(AA2143="","",AA2143/$E2143*100) -> 0 | AR2143: =IF(AB2143="","",AB2143/$E2143*100) -> 0 | AS2143: =IF(AC2143="","",AC2143/$E2143*100) -> 1.8 | AT2143: =IF(AD2143="","",AD2143/$E2143*100) -> 1.8 | AU2143: =IF(AE2143="","",AE2143/$E2143*100) -> 1.8 | AV2143: =IF(AF2143="","",AF2143/$E2143*100) -> 1.8 | AW2143: =IF(AG2143="","",AG2143/$E2143*100) -> 1.8 | AX2143: =IF(AH2143="","",AH2143/$E2143*100) -> 1 | ... BF2143: =IF(AP2143="","",AP2143/$E2143*100) -> 1.4
A2144: RP70664 | B2144: P40AR002N20006U | C2144: 06U | D2144: 06U | E2144: 500 | F2144: 93.8 | G2144: 94.6 | H2144: =ABS(F2144-G2144) -> 0.8 | I2144: 93.58 | J2144: 1.02 | K2144: 0.4462504 | L2144: 0.4879498 | M2144: 0.28149388 | N2144: -0.40040408 | O2144: 0.53301636 | P2144: -0.71204703 | Q2144: 2.2206237 | R2144: 2.3761934 | S2144: 9.964109 | T2144: 20.687474 | U2144: 20.72624 | V2144: 20.760362 | W2144: 0.3168998 | X2144: -0.40230061 | Y2144: 0.081675676 | Z2144: 0.035413721 | AA2144: 0 | AB2144: 2 | AC2144: 10 | AD2144: 10 | AE2144: 11 | AF2144: 11 | AG2144: 19 | AH2144: 13 | AI2144: 23 | AJ2144: 21 | AK2144: 16 | AL2144: 3 | AM2144: 11 | AN2144: 11 | AO2144: 19 | AP2144: 19 | AQ2144: =IF(AA2144="","",AA2144/$E2144*100) -> 0 | AR2144: =IF(AB2144="","",AB2144/$E2144*100) -> 0.4 | AS2144: =IF(AC2144="","",AC2144/$E2144*100) -> 2 | AT2144: =IF(AD2144="","",AD2144/$E2144*100) -> 2 | AU2144: =IF(AE2144="","",AE2144/$E2144*100) -> 2.2 | AV2144: =IF(AF2144="","",AF2144/$E2144*100) -> 2.2 | AW2144: =IF(AG2144="","",AG2144/$E2144*100) -> 3.8 | AX2144: =IF(AH2144="","",AH2144/$E2144*100) -> 2.6 | ... BF2144: =IF(AP2144="","",AP2144/$E2144*100) -> 3.8
A2145: RP70665 | B2145: P40AR002N20006U | C2145: 06U | D2145: 06U | E2145: 500 | F2145: 87.8 | G2145: 87.8 | H2145: =ABS(F2145-G2145) -> 0 | K2145: 0.4404084 | L2145: 0.48273695 | M2145: 0.28922545 | N2145: -0.42247098 | O2145: 0.5914375 | P2145: -0.7891875 | Q2145: 2.2199557 | R2145: 2.3686469 | S2145: 6.0284958 | T2145: 20.842827 | U2145: 20.896907 | V2145: 20.936473 | W2145: 0.35250223 | X2145: -0.40907813 | Y2145: 0.08564657 | Z2145: 0.029538462 | AA2145: 0 | AB2145: 2 | AC2145: 52 | AD2145: 52 | AE2145: 52 | AF2145: 52 | AG2145: 49 | AH2145: 26 | AI2145: 28 | AJ2145: 19 | AK2145: 14 | AL2145: 1 | AM2145: 52 | AN2145: 52 | AO2145: 19 | AP2145: 19 | AQ2145: =IF(AA2145="","",AA2145/$E2145*100) -> 0 | AR2145: =IF(AB2145="","",AB2145/$E2145*100) -> 0.4 | AS2145: =IF(AC2145="","",AC2145/$E2145*100) -> 10.4 | AT2145: =IF(AD2145="","",AD2145/$E2145*100) -> 10.4 | AU2145: =IF(AE2145="","",AE2145/$E2145*100) -> 10.4 | AV2145: =IF(AF2145="","",AF2145/$E2145*100) -> 10.4 | AW2145: =IF(AG2145="","",AG2145/$E2145*100) -> 9.8 | AX2145: =IF(AH2145="","",AH2145/$E2145*100) -> 5.2 | ... BF2145: =IF(AP2145="","",AP2145/$E2145*100) -> 3.8
A2146: RP70666 | B2146: P40AR002N20006U | C2146: 06U | D2146: 06U | E2146: 500 | F2146: 86 | G2146: 86 | H2146: =ABS(F2146-G2146) -> 0 | I2146: 88.16 | J2146: -2.16 | K2146: 0.44574 | L2146: 0.48796586 | M2146: 0.34030952 | N2146: -0.46503037 | O2146: 0.71101952 | P2146: -0.8552087 | Q2146: 2.3086253 | R2146: 2.4564119 | S2146: 9.8260331 | T2146: 20.590302 | U2146: 20.612367 | V2146: 20.644828 | W2146: 0.36017532 | X2146: -0.44654113 | Y2146: 0.065333333 | Z2146: 0.03316309 | AA2146: 0 | AB2146: 2 | AC2146: 38 | AD2146: 39 | AE2146: 39 | AF2146: 39 | AG2146: 49 | AH2146: 25 | AI2146: 47 | AJ2146: 36 | AK2146: 29 | AL2146: 7 | AM2146: 38 | AN2146: 38 | AO2146: 35 | AP2146: 34 | AQ2146: =IF(AA2146="","",AA2146/$E2146*100) -> 0 | AR2146: =IF(AB2146="","",AB2146/$E2146*100) -> 0.4 | AS2146: =IF(AC2146="","",AC2146/$E2146*100) -> 7.6 | AT2146: =IF(AD2146="","",AD2146/$E2146*100) -> 7.8 | AU2146: =IF(AE2146="","",AE2146/$E2146*100) -> 7.8 | AV2146: =IF(AF2146="","",AF2146/$E2146*100) -> 7.8 | AW2146: =IF(AG2146="","",AG2146/$E2146*100) -> 9.8 | AX2146: =IF(AH2146="","",AH2146/$E2146*100) -> 5 | ... BF2146: =IF(AP2146="","",AP2146/$E2146*100) -> 6.8
...
